2912407;446f4ed7f1bd692b708e89ee98f9b3a5a5b8350dc313f9a0100cb70c9c37ec99;1/01/2017 0:00;532;0x61c808d82a3ac53231750dadc13c777b59310bd9;e4b883e5bda9e7a59ee4bb99e9b1bc;7,88757E+13;0;4008458;00000000000000000000000000000000000000000000000000000000000000000000000000000000000000000000000000000000000000000000000000000000000000000000000000000000000000000000000000000000000000000000000000000000000000000000000000000000000000000000000000000000000000000000000000000000000000000000000000000000000000000000000000000000000000000000000000000000000000000000000000000000000000000000000000000000000000000000000000000000000000000000000000000000000000000000000000000000000000000000000000000000000000000000000000000000;13b2dfdf307ad8aad46d3ca82490b93941f32bca86a11c2333eb6f9047be7d1a;5,26902E+18;56e81f171bcc55a6ff8345e692c0f86e5b48e01b996cadc001622fb5e363b421;1dcc4de8dec75d7aab85b567b6ccd41ad312451b948a7413f0a142fd40d49347;3a28f0bc809cfedcc32a4a02521d5815c49b2b70ac88378637daccc0fa0bc841;1,11836E+20;56e81f171bcc55a6ff8345e692c0f86e5b48e01b996cadc001622fb5e363b421;0;0;1;0;1;5E+18;402.241;5E+18;402.241;5E+18;402.241;0;0;0;0;5E+18;402.241
2912408;0423d59d28ae0bae9619b8b07b83590ff98b851fa32fdd76b2d6a4b91ffeb558;1/01/2017 0:00;539;0xa42af2c70d316684e57aefcc6e393fecb1c7e84e;d5830104048650617269747986312e31332e30827769;7,89143E+13;0;4004545;00000000000000000000000000000000000000000000000000000000000000000000000000000000000000000000000000000000000000000000000000000000000000000000000000000000000000000000000000000000000000000000000000000000000000000000000000000000000000000000000000000000000000000000000000000000000000000000000000000000000000000000000000000000000000000000000000000000000000000000000000000000000000000000000000000000000000000000000000000000000000000000000000000000000000000000000000000000000000000000000000000000000000000000000000000000;1bf208c36d9ceb8df445ce3995777ea6ccc03f79f17816c1029934f9dade8a6b;1,48495E+19;56e81f171bcc55a6ff8345e692c0f86e5b48e01b996cadc001622fb5e363b421;1dcc4de8dec75d7aab85b567b6ccd41ad312451b948a7413f0a142fd40d49347;5dfbacdd279bc8937f7bb407469e5878babe3d27bb19e9e29bb473484e2885c2;1,11836E+20;56e81f171bcc55a6ff8345e692c0f86e5b48e01b996cadc001622fb5e363b421;0;0;1;0;1;5E+18;402.241;5E+18;402.241;5E+18;402.241;0;0;0;0;5E+18;402.241
2912409;baca5da8cf15b9abd6a94c4cf2d8ae9bb7ec643786cefaeede319509e6cdf2f4;1/01/2017 0:00;1424;0x463f3bc8186c43b449c8b31dc9a89e6ea8439202;d5830104068650617269747986312e31332e30826c69;7,88759E+13;217724;4008454;00000000000000000400000000000000000000000000000000000000000020000000000000000000000000040000000000000000000000000000000000000000000000000000000000000000000000000000000000000000000000000000001001000000000000000000000000000000000000000000000000000000000000000000000000000000000000000000000000000000000000000001000000000000000000000000000000000000000000000000000000000000000000000000000000000800000000000000000000000000000000000002000000120000000000200000000000000000000000000000002000000000000000000000000000000000;7a51692858536fb8f5d8b4eda42d7290d1d0ad060f4346f9308cebb5d59ea876;1,6423E+19;5c96b38d95fee80fdcaecacad4533effdde1d3992ab2478a4a23fe1765dd94c4;1dcc4de8dec75d7aab85b567b6ccd41ad312451b948a7413f0a142fd40d49347;933b19b5d39e3833895ac71bb8cb68a65ff853d56856089ac0a5cb46217497f0;1,11836E+20;63a795c3bd4c29e95c55d34e5dbb5a79cc914bf907cf5965961297fe5dedda61;0;7;1;8;1;1,77223E+19;1.425.726;1,7717E+19;142.53;5E+18;402.241;0;0;5,29168E+15;0.0426;5,00529E+18;402.667
2912410;f6c7f0b4a39dab43291f4d33e42d8ce14a38830ff0361548f9c4ec39f49f449a;1/01/2017 0:00;644;0xc0ea08a2d404d3172d2add29a45be56da40e2949;7777772e62772e636f6d;7,8876E+13;21000;4004541;00000000000000000000000000000000000000000000000000000000000000000000000000000000000000000000000000000000000000000000000000000000000000000000000000000000000000000000000000000000000000000000000000000000000000000000000000000000000000000000000000000000000000000000000000000000000000000000000000000000000000000000000000000000000000000000000000000000000000000000000000000000000000000000000000000000000000000000000000000000000000000000000000000000000000000000000000000000000000000000000000000000000000000000000000000000;8cd257a0eeb0515f546bb5f127bc1610e083778434862098bd87425c83632e30;1,79848E+19;4e4fdf7271f8efb3cd2807a6b7ea3749e45c4d20a41c0a12ce534d6dbadead01;1dcc4de8dec75d7aab85b567b6ccd41ad312451b948a7413f0a142fd40d49347;51677a0c615dfb5bc088d61983c58a446e67ceec767ef3654ff7c8a1c3545042;1,11836E+20;78f04488cc332091170f14db766bf89f6907ec611d3bb0b497ff68ee1c78c656;0;1;1;1;1;6,09126E+18;490.031;6,09063E+18;48.998;5E+18;402.241;0;0;6,3E+14;0.0051;5,00063E+18;402.292
2912411;aea91675dc1946e88a084e5d42c4eba10453e78bc5362161e1b84610e06d2ded;1/01/2017 0:00;1787;0x2a65aca4d5fc5b5c859090a6c34d164135398226;4477617266506f6f6c;7,88762E+13;313198;4008450;00000000040000000000000000000000000000000000000000800000000020000000000000000000000000040000000000000000000000000000000000000000000000000000000000000000000000000000000000000000000000000000000001000000000000000000004000000000000000000000000000000000000000000000000000000000000000000000000000000000000000000000000000000100000000000000000000000000000000000000010000000000000000000000000000000000000000000000000000000000000000000000000020120000000000200000000000000000000000000000000000000000000000000000000000000000;a6f57c00b3f6fa789d9335556dadabfd6428460e52fb67a34a1b65db52055230;1,79836E+18;80428218a95da4fcf293d10eb4df144350fef37f5646f702768242b169252d20;1dcc4de8dec75d7aab85b567b6ccd41ad312451b948a7413f0a142fd40d49347;e04d1df61d960e16f711d9eb2b6173e368ab522c67752d30c057086c2af10c83;1,11836E+20;976caa3de8c3e878d7c73125cf58b026759453ad0f6f31577b33be22bf51f84e;0;10;1;12;1;1,3359E+19;1.074.705;1,43829E+19;115.708;5E+18;402.241;0;0;6,26396E+15;0.0504;5,00626E+18;402.745
2912412;f358bc7b76bdfd8a12d98f3bc47288c4f61484fe863b6d0f2c423b84e20e4853;1/01/2017 0:00;539;0x1e9939daaad6924ad004c2560e90804164900341;706f6f6c2e65746866616e732e6f726720284d4e3229;7,89148E+13;0;4004537;00000000000000000000000000000000000000000000000000000000000000000000000000000000000000000000000000000000000000000000000000000000000000000000000000000000000000000000000000000000000000000000000000000000000000000000000000000000000000000000000000000000000000000000000000000000000000000000000000000000000000000000000000000000000000000000000000000000000000000000000000000000000000000000000000000000000000000000000000000000000000000000000000000000000000000000000000000000000000000000000000000000000000000000000000000000;567957eafa5d1f12fc53d96a50e3abe5a9fb98ceb4953d12cb620fd62c1f28e7;5,9286E+18;56e81f171bcc55a6ff8345e692c0f86e5b48e01b996cadc001622fb5e363b421;1dcc4de8dec75d7aab85b567b6ccd41ad312451b948a7413f0a142fd40d49347;73ad4501897af00233c54b9dafc0a58ed59d3096bcfd155113f8f38566bd53f1;1,11836E+20;56e81f171bcc55a6ff8345e692c0f86e5b48e01b996cadc001622fb5e363b421;0;0;1;0;1;5E+18;402.241;5E+18;402.241;5E+18;402.241;0;0;0;0;5E+18;402.241
2912413;bfff06115b440f887272f4193d7ae4a45de5d1a8c59f41344ae9860e853dafa6;1/01/2017 0:01;532;0x61c808d82a3ac53231750dadc13c777b59310bd9;e4b883e5bda9e7a59ee4bb99e9b1bc;7,88764E+13;0;4000628;00000000000000000000000000000000000000000000000000000000000000000000000000000000000000000000000000000000000000000000000000000000000000000000000000000000000000000000000000000000000000000000000000000000000000000000000000000000000000000000000000000000000000000000000000000000000000000000000000000000000000000000000000000000000000000000000000000000000000000000000000000000000000000000000000000000000000000000000000000000000000000000000000000000000000000000000000000000000000000000000000000000000000000000000000000000;00110e0f5715248eb60a2f48a7ee259680730b8f255640f199651d8c1bc23756;1,17041E+19;56e81f171bcc55a6ff8345e692c0f86e5b48e01b996cadc001622fb5e363b421;1dcc4de8dec75d7aab85b567b6ccd41ad312451b948a7413f0a142fd40d49347;926a89e5d9110b686166dd04043f4c2730a49d14a3faba97e517bf855fe2eeb4;1,11836E+20;56e81f171bcc55a6ff8345e692c0f86e5b48e01b996cadc001622fb5e363b421;0;0;1;0;1;5E+18;402.241;5E+18;402.241;5E+18;402.241;0;0;0;0;5E+18;402.241
2912414;55474018f1f86607ff6dc631860f656c93bafb1e978ff2fe96fb8aa5681ec665;1/01/2017 0:01;532;0x61c808d82a3ac53231750dadc13c777b59310bd9;e4b883e5bda9e7a59ee4bb99e9b1bc;7,89151E+13;0;3996723;00000000000000000000000000000000000000000000000000000000000000000000000000000000000000000000000000000000000000000000000000000000000000000000000000000000000000000000000000000000000000000000000000000000000000000000000000000000000000000000000000000000000000000000000000000000000000000000000000000000000000000000000000000000000000000000000000000000000000000000000000000000000000000000000000000000000000000000000000000000000000000000000000000000000000000000000000000000000000000000000000000000000000000000000000000000;4feaa4e1e3fa5e9551893e2e0528473ac28e71d8f764c244096bdf3135adfc56;2,07625E+18;56e81f171bcc55a6ff8345e692c0f86e5b48e01b996cadc001622fb5e363b421;1dcc4de8dec75d7aab85b567b6ccd41ad312451b948a7413f0a142fd40d49347;d80474636edf7ec0552dff286dbb5a82062ee6a572cadcfc3034a224a89a8747;1,11836E+20;56e81f171bcc55a6ff8345e692c0f86e5b48e01b996cadc001622fb5e363b421;0;0;1;0;1;5E+18;402.241;5E+18;402.241;5E+18;402.241;0;0;0;0;5E+18;402.241
2912415;7bfbcbd4385e5149c4578200620d86e96197863a02fbd361c9dce441d6f27dac;1/01/2017 0:01;1719;0x6c7f03ddfdd8a37ca267c88630a4fee958591de0;416c70657265756d204555524f5045;7,89537E+13;224241;4000625;00000000000000000000000000000000000000000400000000000000000000000000000000000000000000000080000008000000000000000000000000000000000010000000000000000080000000000001000000200000000000000000000000000000000000000000000000000000000000000000000000000800000000000000000000000000000000000004000000000000000000000000000000000000000000000000000000000000000000000000000000000000000000000000000000000000000000000000000000000001000000000000000000000000000000000000000000100000000000000000000000000000400000000000000000000000;38928a00844cfe7d176170a10c840b5d4e2001889016cd54c614e308f9294f2f;2,46891E+18;26c9e745291c0b8a13bb4470b481b3c53e74432007e14eb37294f7e46827d4e3;1dcc4de8dec75d7aab85b567b6ccd41ad312451b948a7413f0a142fd40d49347;61d5093509b80670e85979061c7fa323d6d09b13d41395a05be1e30cabbb709d;1,11836E+20;351ea9b38f03d692b76a3b435bf886d5d97fb994471eeb563fdf8c8daccf2ec3;0;10;1;12;1;1,64353E+22;1.322.190.247;1,64353E+22;1.322.190.102;5E+18;402.241;0;0;4,48482E+15;0.0361;5,00448E+18;402.602
2912416;cf45207cf5c53336e7a0497426cbc95c9945f37e9c0ac57fe6a79f42da332c9e;1/01/2017 0:01;532;0x61c808d82a3ac53231750dadc13c777b59310bd9;e4b883e5bda9e7a59ee4bb99e9b1bc;7,89539E+13;0;3997048;00000000000000000000000000000000000000000000000000000000000000000000000000000000000000000000000000000000000000000000000000000000000000000000000000000000000000000000000000000000000000000000000000000000000000000000000000000000000000000000000000000000000000000000000000000000000000000000000000000000000000000000000000000000000000000000000000000000000000000000000000000000000000000000000000000000000000000000000000000000000000000000000000000000000000000000000000000000000000000000000000000000000000000000000000000000;7ee5e219cf4387f8e8ca05e74e4350483d502f58c2bd8edad66d59a429b28442;4,81952E+18;56e81f171bcc55a6ff8345e692c0f86e5b48e01b996cadc001622fb5e363b421;1dcc4de8dec75d7aab85b567b6ccd41ad312451b948a7413f0a142fd40d49347;d14eeffba2b815caa77ee4b90847ffa3062ff011d99264d762f51550e4bc7c47;1,11836E+20;56e81f171bcc55a6ff8345e692c0f86e5b48e01b996cadc001622fb5e363b421;0;0;1;0;1;5E+18;402.241;5E+18;402.241;5E+18;402.241;0;0;0;0;5E+18;402.241
2912417;32ddb05a19ead9e921b5df9f8d0e869f8039baa7055ba634887534a3188a53b0;1/01/2017 0:02;1239;0x1e9939daaad6924ad004c2560e90804164900341;706f6f6c2e65746866616e732e6f7267;7,88383E+13;174754;4000000;00000000000000000000000000000000000000000400000000000000000020000000000000000080000000040080000008000000000000002000000000000004000000000000000000000080000000000001000000000000000000000000000001000000000000000000000000000000000000100000000000000000000000000000000000000000000000000004000000000000000000000000000000000000000000000000000000000000000000000000000000000000000000000000000000000000000000000000000000001001000000000000000000120000000000200000000000100000000000000000000000000000400000000000000000040000;37ce61aaef7cc63e9a1965034e379b956ea5fd663b5d01db7ba89b5cc761aeeb;1,68497E+19;614cc2c1c1ce8e53100e57c3dba967290398ade60a234db54c6755200b890f86;1dcc4de8dec75d7aab85b567b6ccd41ad312451b948a7413f0a142fd40d49347;2212b23ef0d495a4065104b748b45dba5182133b41bd3902266fc5c34852819e;1,11837E+20;f054cfa3e2dc92b43196f24d9203e6f496e0d1d38774491c613344f224b3a41a;0;6;1;6;1;8,85004E+18;71.197;8,84655E+18;711.689;5E+18;402.241;0;0;3,49508E+15;0.0281;5,0035E+18;402.522
2912418;1ced91699f2367fb0d0787d16fc42a5b1e68e3639e25e2aa5cf9955c41be6fe5;1/01/2017 0:02;526;0x2a65aca4d5fc5b5c859090a6c34d164135398226;4477617266506f6f6c;7,88385E+13;0;4003905;00000000000000000000000000000000000000000000000000000000000000000000000000000000000000000000000000000000000000000000000000000000000000000000000000000000000000000000000000000000000000000000000000000000000000000000000000000000000000000000000000000000000000000000000000000000000000000000000000000000000000000000000000000000000000000000000000000000000000000000000000000000000000000000000000000000000000000000000000000000000000000000000000000000000000000000000000000000000000000000000000000000000000000000000000000000;621c6624708371e48e13b9f58058a91f8707b6fad2c0653742dd401ecee71fde;1,24281E+19;56e81f171bcc55a6ff8345e692c0f86e5b48e01b996cadc001622fb5e363b421;1dcc4de8dec75d7aab85b567b6ccd41ad312451b948a7413f0a142fd40d49347;fab80ab51ae4319cb22c7087fb42aaeecfacef9b9e58ae02614c0cdcade53cfb;1,11837E+20;56e81f171bcc55a6ff8345e692c0f86e5b48e01b996cadc001622fb5e363b421;0;0;1;0;1;5E+18;402.241;5E+18;402.241;5E+18;402.241;0;0;0;0;5E+18;402.241
2912419;6624d9966a9a99133a11f67e3e6240399c78370514aa4f2a5e80b03dae9516a9;1/01/2017 0:02;1924;0xea674fdde714fd979de3edf0f56aa9716b898ec8;65746865726d696e65202d20555331;7,88386E+13;300754;4000000;00000000000000000040000000000000000000000400000000000000000420000000000000000000000000040080000008000000000000000000000000000000000000000000000000000080000000000001000000000000000000000000000001000000000000000000000000000000000000000000000000000000020000000000000000000000000000000004000000000000000000000000000000000000000000000000000000000000000000000000000000000000000004000000000020000000000000000000000000000001020000000000000000120000000000200000000000100000000000000000000000000000400000000000000000000000;4addb58c5fe1d64a013c9a6eed5d86727fc1524a288d3bc6b7b366feee6b0ab9;9,11311E+18;b984b104b92fd74de4ca2b4ba7682cc93f8b3d0b51d714d42bacb98a40f357dd;1dcc4de8dec75d7aab85b567b6ccd41ad312451b948a7413f0a142fd40d49347;378ce2ad551f7f6ecc19a343fc205f5554c2b6c8597ac360453190ba1b8a7e82;1,11837E+20;bde11c05f41b11e156689aee6018762ef3def92e86c0a5eb29cd8e4af1d47e9d;0;12;1;12;1;2,35532E+19;1.894.815;2,35472E+19;1.894.331;5E+18;402.241;0;0;6,01508E+15;0.0484;5,00602E+18;402.725
2912420;036879ad30fb67e0e0e43a31c8d226304755a25cb0fc77971cebcb8a65786b7c;1/01/2017 0:03;1551;0x1e9939daaad6924ad004c2560e90804164900341;706f6f6c2e65746866616e732e6f726720284d4e3229;7,88387E+13;211866;4000000;00100000000000000000000000000002000000000400000000100000000000000000000000000000000000000080000008000000000000000000000000000000000000000000400080000080000000000001000000000000000000000000000000000000000004000000004000000000000000000000004000000000000400000000020020000000000000000004000000000000000000000000000000004100000000000000000000000000000000000000000000000000000000000000000000000000000000000000000000040001000000000000000020000000000000000000000000100000000000000000000000000000400000000000000000000000;7508ac86b7e53016b02466674e6008d3c98581cc67bbdfe7b5a7869456cd32e8;1,3077E+19;bc44080b716cc9be708013895ecb5e9fd271230a80dbf6df4ae64fc2b2ebd61a;1dcc4de8dec75d7aab85b567b6ccd41ad312451b948a7413f0a142fd40d49347;9328b07b13a53ec46ef5ac6d8f89115e4d4354cc09c2d4c8466f90f12e26aad4;1,11837E+20;d6fbaf2b3ba170921b8b24893f5b85b52669817c517788704f310fe273059460;0;7;1;12;1;1,17463E+19;94.497;1,59571E+19;1.283.718;5E+18;402.241;0;0;4,51569E+15;0.0363;5,00452E+18;402.604
2912421;64623ee3f7a733059522dfb30cc7d24d188e56806ebe7f45b790eed8658376d3;1/01/2017 0:03;532;0x61c808d82a3ac53231750dadc13c777b59310bd9;e4b883e5bda9e7a59ee4bb99e9b1bc;7,88004E+13;0;3996095;00000000000000000000000000000000000000000000000000000000000000000000000000000000000000000000000000000000000000000000000000000000000000000000000000000000000000000000000000000000000000000000000000000000000000000000000000000000000000000000000000000000000000000000000000000000000000000000000000000000000000000000000000000000000000000000000000000000000000000000000000000000000000000000000000000000000000000000000000000000000000000000000000000000000000000000000000000000000000000000000000000000000000000000000000000000;3fd6f34461296f313a919325bdeb5ac3853d711e48021cfe2c76f826c6c38545;1,75631E+19;56e81f171bcc55a6ff8345e692c0f86e5b48e01b996cadc001622fb5e363b421;1dcc4de8dec75d7aab85b567b6ccd41ad312451b948a7413f0a142fd40d49347;1b2885a1ede09634ef05b0776d23d0743ac0eecfedb8228d70df74d44fd1cea6;1,11837E+20;56e81f171bcc55a6ff8345e692c0f86e5b48e01b996cadc001622fb5e363b421;0;0;1;0;1;5E+18;402.241;5E+18;402.241;5E+18;402.241;0;0;0;0;5E+18;402.241
2912422;db785c895fda563d95653d39b137bf904fcb3fdcea4d5fb292d5a6d4ccde4f17;1/01/2017 0:03;527;0xc0ea08a2d404d3172d2add29a45be56da40e2949;7777772e62772e636f6d;7,8839E+13;0;3999996;00000000000000000000000000000000000000000000000000000000000000000000000000000000000000000000000000000000000000000000000000000000000000000000000000000000000000000000000000000000000000000000000000000000000000000000000000000000000000000000000000000000000000000000000000000000000000000000000000000000000000000000000000000000000000000000000000000000000000000000000000000000000000000000000000000000000000000000000000000000000000000000000000000000000000000000000000000000000000000000000000000000000000000000000000000000;fa56524a1c87a28bcca15aa8d0f5f0c0964bb7d54306501ab67d04d17293e506;1,61968E+19;56e81f171bcc55a6ff8345e692c0f86e5b48e01b996cadc001622fb5e363b421;1dcc4de8dec75d7aab85b567b6ccd41ad312451b948a7413f0a142fd40d49347;b6628252460ed85875ec2b225d04ac66a102e788a5866f0069454ad3fe940cb3;1,11837E+20;56e81f171bcc55a6ff8345e692c0f86e5b48e01b996cadc001622fb5e363b421;0;0;1;0;1;5E+18;402.241;5E+18;402.241;5E+18;402.241;0;0;0;0;5E+18;402.241
2912423;c464105da89611d1ffead2f6bc797baea42eb88c586ffc6b5cd29a660812db64;1/01/2017 0:03;791;0x1e9939daaad6924ad004c2560e90804164900341;706f6f6c2e65746866616e732e6f7267;7,88776E+13;86864;4000000;00000000000000000000000000000000000000000000000000000000000020000000000000000000000000040000000000000000000000000000000000000000000000000000000000000000000000000000000000000000000000000000000001000000000000000000000000000000000000000000000000000000000000000000000000000000000000000000000000000000000000000000000000000000000000000000000000000000000000000000000000000000000000000000000000000000000000000000000000000000000000000000000000120000000000200000000000000000000000000000000000000000000000000000000000000000;5860a879c7dd0c877d248b398f2ab17679f38e5a66c8c646866a0998c865cc1d;1,3839E+19;7d40828c75c3b802539eac8ffbf7e2ff06381bc170c803d682cb18dd1bcf9c19;1dcc4de8dec75d7aab85b567b6ccd41ad312451b948a7413f0a142fd40d49347;eb2d0732d2f61631a1d46f0e95632e9cf0b0df32a4c171aeb243d2f7b02b3a2e;1,11837E+20;e7927ddf7b1f2ab5a08007d6a91c6c98311207f31b856c1a2d5ba5434ab361fb;0;2;1;2;1;9,95494E+18;800.857;9,9532E+18;800.717;5E+18;402.241;0;0;1,73728E+15;0.014;5,00174E+18;402.381
2912424;45d789a2012a134fe7de0f9dee888bd5a508a0b1786dd5c3a08725f2c5cd6a57;1/01/2017 0:03;532;0x6c7f03ddfdd8a37ca267c88630a4fee958591de0;416c70657265756d204555524f5045;7,89163E+13;0;4003905;00000000000000000000000000000000000000000000000000000000000000000000000000000000000000000000000000000000000000000000000000000000000000000000000000000000000000000000000000000000000000000000000000000000000000000000000000000000000000000000000000000000000000000000000000000000000000000000000000000000000000000000000000000000000000000000000000000000000000000000000000000000000000000000000000000000000000000000000000000000000000000000000000000000000000000000000000000000000000000000000000000000000000000000000000000000;a02e80428693b36287b269e3bdea2ed6d8321f49bb38247043ca9cbccdb58e86;1,48917E+19;56e81f171bcc55a6ff8345e692c0f86e5b48e01b996cadc001622fb5e363b421;1dcc4de8dec75d7aab85b567b6ccd41ad312451b948a7413f0a142fd40d49347;f22d75d7fbeacbc889cd31a122c7cc3c7139e791dd45b218114f6ef349ae7f6c;1,11837E+20;56e81f171bcc55a6ff8345e692c0f86e5b48e01b996cadc001622fb5e363b421;0;0;1;0;1;5E+18;402.241;5E+18;402.241;5E+18;402.241;0;0;0;0;5E+18;402.241
2912425;7edccf064ce7caec0cfe57b20578ea4e760ca54a78d170142f1b07a372e175bf;1/01/2017 0:03;530;0x4bb96091ee9d802ed039c4d1a5f6216f90f81b01;657468706f6f6c202d20455531;7,89549E+13;0;4007814;00000000000000000000000000000000000000000000000000000000000000000000000000000000000000000000000000000000000000000000000000000000000000000000000000000000000000000000000000000000000000000000000000000000000000000000000000000000000000000000000000000000000000000000000000000000000000000000000000000000000000000000000000000000000000000000000000000000000000000000000000000000000000000000000000000000000000000000000000000000000000000000000000000000000000000000000000000000000000000000000000000000000000000000000000000000;d6d828d75c1fa738f656c91bb002e9409b2ec931024cd82f28ceda725e1463e6;6,31184E+18;56e81f171bcc55a6ff8345e692c0f86e5b48e01b996cadc001622fb5e363b421;1dcc4de8dec75d7aab85b567b6ccd41ad312451b948a7413f0a142fd40d49347;ce23d92f13574e7210e921f8c9ebec1900c8c6c405a94481769124ab9121b91d;1,11837E+20;56e81f171bcc55a6ff8345e692c0f86e5b48e01b996cadc001622fb5e363b421;0;0;1;0;1;5E+18;402.241;5E+18;402.241;5E+18;402.241;0;0;0;0;5E+18;402.241
2912426;0002324480b629830f557f699692861a0309c3a694e018028ca9eee3103a4cd3;1/01/2017 0:03;526;0x2a65aca4d5fc5b5c859090a6c34d164135398226;4477617266506f6f6c;7,89936E+13;0;4011726;00000000000000000000000000000000000000000000000000000000000000000000000000000000000000000000000000000000000000000000000000000000000000000000000000000000000000000000000000000000000000000000000000000000000000000000000000000000000000000000000000000000000000000000000000000000000000000000000000000000000000000000000000000000000000000000000000000000000000000000000000000000000000000000000000000000000000000000000000000000000000000000000000000000000000000000000000000000000000000000000000000000000000000000000000000000;0082b166acbee0c4bf465943518472298fbae0ce021b7ec5a39671daf845fdf8;8,54415E+18;56e81f171bcc55a6ff8345e692c0f86e5b48e01b996cadc001622fb5e363b421;1dcc4de8dec75d7aab85b567b6ccd41ad312451b948a7413f0a142fd40d49347;3643434e71a514a3ee5d0b042f6a616159f6c71f6be76e46d4d4c72101d0283b;1,11837E+20;56e81f171bcc55a6ff8345e692c0f86e5b48e01b996cadc001622fb5e363b421;0;0;1;0;1;5E+18;402.241;5E+18;402.241;5E+18;402.241;0;0;0;0;5E+18;402.241
2912427;a7954761e92dad77e14ba28ef00c89c2e8a4c5b91a73cf12232c9b5f07bedd21;1/01/2017 0:03;533;0x1e9939daaad6924ad004c2560e90804164900341;706f6f6c2e65746866616e732e6f7267;7,90323E+13;0;4007810;00000000000000000000000000000000000000000000000000000000000000000000000000000000000000000000000000000000000000000000000000000000000000000000000000000000000000000000000000000000000000000000000000000000000000000000000000000000000000000000000000000000000000000000000000000000000000000000000000000000000000000000000000000000000000000000000000000000000000000000000000000000000000000000000000000000000000000000000000000000000000000000000000000000000000000000000000000000000000000000000000000000000000000000000000000000;186f7235265b538c5f99e67ab5c263b83e07cfa92691494f2407aebb35c62978;1,61751E+19;56e81f171bcc55a6ff8345e692c0f86e5b48e01b996cadc001622fb5e363b421;1dcc4de8dec75d7aab85b567b6ccd41ad312451b948a7413f0a142fd40d49347;39595b49edccbe85d6976cffb646b66fae4d42889d2024f86109a23649d0b4b0;1,11837E+20;56e81f171bcc55a6ff8345e692c0f86e5b48e01b996cadc001622fb5e363b421;0;0;1;0;1;5E+18;402.241;5E+18;402.241;5E+18;402.241;0;0;0;0;5E+18;402.241
2912428;10f4cb1f54119cecf8f964d45ad27eb5eb0e53a6ebd6e7154b43b1a8e4453c0d;1/01/2017 0:03;532;0x61c808d82a3ac53231750dadc13c777b59310bd9;e4b883e5bda9e7a59ee4bb99e9b1bc;7,90711E+13;0;4003898;00000000000000000000000000000000000000000000000000000000000000000000000000000000000000000000000000000000000000000000000000000000000000000000000000000000000000000000000000000000000000000000000000000000000000000000000000000000000000000000000000000000000000000000000000000000000000000000000000000000000000000000000000000000000000000000000000000000000000000000000000000000000000000000000000000000000000000000000000000000000000000000000000000000000000000000000000000000000000000000000000000000000000000000000000000000;b413afe7859ccc8f562cab5556fa8a96591c9929e4f88f08728470cf93cadde0;5,35328E+16;56e81f171bcc55a6ff8345e692c0f86e5b48e01b996cadc001622fb5e363b421;1dcc4de8dec75d7aab85b567b6ccd41ad312451b948a7413f0a142fd40d49347;5389675b169712993b5e156b62b717a84ec2cc24ec284e60f69ee1bbad30b4d3;1,11837E+20;56e81f171bcc55a6ff8345e692c0f86e5b48e01b996cadc001622fb5e363b421;0;0;1;0;1;5E+18;402.241;5E+18;402.241;5E+18;402.241;0;0;0;0;5E+18;402.241
2912429;c1ff9cffa6e9f2e04452429d9ce2c0ad0b9bcbbe9d9f593b72c2850c9ca9648a;1/01/2017 0:04;527;0xc0ea08a2d404d3172d2add29a45be56da40e2949;7777772e62772e636f6d;7,91098E+13;0;4000000;00000000000000000000000000000000000000000000000000000000000000000000000000000000000000000000000000000000000000000000000000000000000000000000000000000000000000000000000000000000000000000000000000000000000000000000000000000000000000000000000000000000000000000000000000000000000000000000000000000000000000000000000000000000000000000000000000000000000000000000000000000000000000000000000000000000000000000000000000000000000000000000000000000000000000000000000000000000000000000000000000000000000000000000000000000000;40a9c54e9309e94ee45f232d86577e1773a43280057a127d7504a64629f172c2;3,89824E+18;56e81f171bcc55a6ff8345e692c0f86e5b48e01b996cadc001622fb5e363b421;1dcc4de8dec75d7aab85b567b6ccd41ad312451b948a7413f0a142fd40d49347;ba785e449f265c6b09c2c4c33d57d4a831d821b26b180777afec6330a8b7bbc3;1,11837E+20;56e81f171bcc55a6ff8345e692c0f86e5b48e01b996cadc001622fb5e363b421;0;0;1;0;1;5E+18;402.241;5E+18;402.241;5E+18;402.241;0;0;0;0;5E+18;402.241
2912430;6b2fd67a25c4dd5e43d7a83b88d4cca7a45d74f61ac3c6a6f92868232fe1b5b7;1/01/2017 0:04;765;0xea674fdde714fd979de3edf0f56aa9716b898ec8;61736961312e65746865726d696e652e6f7267;7,90713E+13;43945;4003905;00000000002000000000000000000000000000000400000000000000000000000000000000000000000000000080000008000000000000000000000000000000000000000000000000000080000000000001000000000000000000000000000000000000000000000000000000000000000000000000000000000000000000004000000000000000000000000004000000000000000000000000000000000000000000000000000000000000000000000000000000000000000000000000000000000000000000000000000000000001000000000000000000000000000000000000000000100000000000000000000000000000400000000000002000000000;78275971c1530eeec712acd8916aaef133f2191f193bcd904e9372e760a28d32;1,04816E+19;6c9cd743bac7a460e0aadbfed49b779a7c067e6340908ff59284241ceab1bbcb;1dcc4de8dec75d7aab85b567b6ccd41ad312451b948a7413f0a142fd40d49347;a9ff95e9b8862ae4c9e2a036e008b82aa5718cb4f274b9f742e348c56b25fba6;1,11838E+20;be0486043d75084d42da1dcda7fdefa36fd3f0341369135ffe6a36ed1f2609f9;0;2;1;2;1;7,04256E+18;566.561;7,04168E+18;566.491;5E+18;402.241;0;0;8,789E+14;0.0071;5,00088E+18;402.312
2912431;e6ae2b2a5d2f346208385d62e401cdcb48b0a846599188700cee633cae043510;1/01/2017 0:04;532;0x61c808d82a3ac53231750dadc13c777b59310bd9;e4b883e5bda9e7a59ee4bb99e9b1bc;7,90328E+13;0;4000060;00000000000000000000000000000000000000000000000000000000000000000000000000000000000000000000000000000000000000000000000000000000000000000000000000000000000000000000000000000000000000000000000000000000000000000000000000000000000000000000000000000000000000000000000000000000000000000000000000000000000000000000000000000000000000000000000000000000000000000000000000000000000000000000000000000000000000000000000000000000000000000000000000000000000000000000000000000000000000000000000000000000000000000000000000000000;c9ae15ec2d7fe9db75439c453459dbe77f2520de0981fd9c4628c58bdd89bc5b;4,18798E+18;56e81f171bcc55a6ff8345e692c0f86e5b48e01b996cadc001622fb5e363b421;1dcc4de8dec75d7aab85b567b6ccd41ad312451b948a7413f0a142fd40d49347;fd339bea265368d88dfaf787c88fb9c4ea3e07caa8caa5f8a0b42ea3b877d22a;1,11838E+20;56e81f171bcc55a6ff8345e692c0f86e5b48e01b996cadc001622fb5e363b421;0;0;1;0;1;5E+18;402.241;5E+18;402.241;5E+18;402.241;0;0;0;0;5E+18;402.241
2912432;7048a266745eaa5df7876e2677b734d9699b8d66b070a0cb8eb83a9fdf425e7a;1/01/2017 0:04;527;0xc0ea08a2d404d3172d2add29a45be56da40e2949;7777772e62772e636f6d;7,90716E+13;0;4000000;00000000000000000000000000000000000000000000000000000000000000000000000000000000000000000000000000000000000000000000000000000000000000000000000000000000000000000000000000000000000000000000000000000000000000000000000000000000000000000000000000000000000000000000000000000000000000000000000000000000000000000000000000000000000000000000000000000000000000000000000000000000000000000000000000000000000000000000000000000000000000000000000000000000000000000000000000000000000000000000000000000000000000000000000000000000;c07301651846e48d946cd41aaecdb7893654be471792d688b621323b5a949dde;1,84933E+18;56e81f171bcc55a6ff8345e692c0f86e5b48e01b996cadc001622fb5e363b421;1dcc4de8dec75d7aab85b567b6ccd41ad312451b948a7413f0a142fd40d49347;e7653822798b4a502d8c44c5ffc22e2a6defffc653103f115eef62e58e9ce795;1,11838E+20;56e81f171bcc55a6ff8345e692c0f86e5b48e01b996cadc001622fb5e363b421;0;0;1;0;1;5E+18;402.241;5E+18;402.241;5E+18;402.241;0;0;0;0;5E+18;402.241
2912433;304297d41b26a31fe30b2e73032372210270a92ebcb62f861714d1d805f1c332;1/01/2017 0:05;3602;0x52bc44d5378309ee2abf1539bf71de1b7d7be3b5;6e616e6f706f6f6c2e6f7267;7,90331E+13;611577;4003905;001000000000000002000040000040100000000004000000000000000000200000820000000000000040000400a000010800000000000000000000000000000000000000000000008000008c000000000001004000000003000000002000000001000020000001000000006000000000004000200000000000000010000000000000000100000008000000000004001000000000000000000000000000040100000000000000001000000000000000200020000000000020000000000000000000000002100000100000000001000001000000000000080020120000000000202000000000100000000000000000000420000000400000000000000000000000;2aeb52afa655ae61be8fd7608ab23032319ba3e6067468c586ee6e4966ddff99;1,51952E+19;02d6230e9bc3457a710a00c3fb9861d58f3fcadb117886f67ac7a4f0c64c6e8a;e6bf2beddc810579e92c0da6d318de025f09868e3cb5d9ade4dff90bd5378984;df687e99a97cf111590f0485c0b71e31a546a24a5fb1b8baceb1d66a2d0003c6;1,11838E+20;2e2a0c5abd862b01d8ee94a70d90ce1a1a35ea4b9c5a81be3a79c5f5777acbec;1;22;2;32;2;2,01617E+20;16.219.734;2,52277E+20;20.295.196;5,15625E+18;414.811;3,125E+18;251.401;1,25723E+16;0.1011;5,16882E+18;415.823
2912434;5ec290084ef3870e75943700e9994595e0dde83730313501fb8b957436f8c6d0;1/01/2017 0:05;760;0xea674fdde714fd979de3edf0f56aa9716b898ec8;65746865726d696e65202d20555331;7,90332E+13;43900;4000000;00000000000000000000000001000000000000000400000000000000000000000000000000000000000000000080000008000000000000000000000000000000000000000000000000000080000000000001000000000000000000000000000000000000000000000000000000000000000000000000000000000000000000000000000000000000000000000004000000000000000000000000000000000000000000000000000000000000000000000000000000000000000000000000000000000000000000000000000000000001000000000000000000000000000000002000000000100000000080000000000000000000400000000000000000000000;8c6aebaa52d30f47fa63a5438c310dbd8807b940cda53b6f9bb0ffe8c469c38f;6,99019E+16;9595cb7962d8c00401bd53c533044078c7bf01c80f1dd431f115c6d691f5325e;1dcc4de8dec75d7aab85b567b6ccd41ad312451b948a7413f0a142fd40d49347;4108c1b9328393a010ef2f34751abe267716ae7b5f6e85ab64ba91dcf020d585;1,11838E+20;75d59526932a884745861e5783994aecd98d54dff8c35c2ddf4bb0781491c8a8;0;2;1;2;1;6,29288E+18;506.251;6,29201E+18;506.181;5E+18;402.241;0;0;8,78E+14;0.0071;5,00088E+18;402.312
2912435;c454f425ed5766bfd8d3784b1e441e8a5bc174799d0dfdc19d3c98f6bb314059;1/01/2017 0:05;655;0x1e9939daaad6924ad004c2560e90804164900341;706f6f6c2e65746866616e732e6f726720284d4e3229;7,90719E+13;21000;4000000;00000000000000000000000000000000000000000000000000000000000000000000000000000000000000000000000000000000000000000000000000000000000000000000000000000000000000000000000000000000000000000000000000000000000000000000000000000000000000000000000000000000000000000000000000000000000000000000000000000000000000000000000000000000000000000000000000000000000000000000000000000000000000000000000000000000000000000000000000000000000000000000000000000000000000000000000000000000000000000000000000000000000000000000000000000000;a56dcb9322cd7f3f9014c80ec26d349dfd851d5cd7be7e27aecbe2105be8cdcf;5,37617E+18;6c2c063065a98a7bfc59b5090166fba014e1280a643b0f8700f85f452b933e10;1dcc4de8dec75d7aab85b567b6ccd41ad312451b948a7413f0a142fd40d49347;b530aac3b9b860b1d198005c0a427ca5b068e523264340cf5226bcf142361faa;1,11838E+20;fe997751ea716f7822df000693c01a12057af473299f8c8374d6f5b9d17b8f83;0;1;1;1;1;9,95915E+18;801.196;9,95873E+18;801.162;5E+18;402.241;0;0;4,2E+14;0.0034;5,00042E+18;402.275
2912436;1f1c91887187630c01f441f1921b2bacf05cc689973ecc38060e426d41379340;1/01/2017 0:05;784;0x2a65aca4d5fc5b5c859090a6c34d164135398226;4477617266506f6f6c;7,90721E+13;88809;4003905;00000000000000000000000000000000020000000400000000000000000020000000000000000000000000040080000008000000000000000000000000000000000000004000000000000080000000000001000000000000000000000000000001000000000000000000000000000000000000000000000000000000000000000000000000000000000000000004000000000000000000000000000000000000000000000000000000000000000000000000000000000000000000000000000000000000000000000000000000000001000000000000000000120000000000200000000000104000000000000000000000000000400000000000000000000000;72f92fa2202f6f05e307d2548291915e119c0e1562342fbc8196df952e420405;9,16455E+18;fe29717b5037857317a79e27bfda94e9469b5717626dcfba59a29fd3375ed041;1dcc4de8dec75d7aab85b567b6ccd41ad312451b948a7413f0a142fd40d49347;14677c7704ad32a2e0292b734215881311140efda7800656acf774a4d1d306ab;1,11838E+20;6bf200442983f55c2a2d0505aa72bf772419fd76ec8e07acef8238ac495332aa;0;2;1;2;1;6,00416E+18;483.024;6,00238E+18;482.881;5E+18;402.241;0;0;1,77618E+15;0.0143;5,00178E+18;402.384
2912437;234a731221b60c5691bf563b46cceb7730dcbce5a44dbc695f3bff3a26160ba0;1/01/2017 0:06;865;0xea674fdde714fd979de3edf0f56aa9716b898ec8;65746865726d696e65202d20555331;7,90336E+13;63000;4000000;00000000000000000000000000000000000000000000000000000000000000000000000000000000000000000000000000000000000000000000000000000000000000000000000000000000000000000000000000000000000000000000000000000000000000000000000000000000000000000000000000000000000000000000000000000000000000000000000000000000000000000000000000000000000000000000000000000000000000000000000000000000000000000000000000000000000000000000000000000000000000000000000000000000000000000000000000000000000000000000000000000000000000000000000000000000;d3342ca67fd3c48a3c7c3d7d8780abff826c19211eed0c5ee292d8ebbc631996;9,81783E+18;f3c59cf3b16851047b142647e5be8f69ae2aafe4bf3dc12a71efcff32f30ea8c;1dcc4de8dec75d7aab85b567b6ccd41ad312451b948a7413f0a142fd40d49347;4d821b55af609c988f2ae607b2f4ddd76334af98387309383ec6c942cdc9763c;1,11838E+20;568eec87d4ca87c29f87693a36659514ae2a30af004575faac736f81ef9713d3;0;3;1;3;1;5,38115E+18;432.904;5,37947E+18;432.769;5E+18;402.241;0;0;1,68E+15;0.0135;5,00168E+18;402.376
2912438;83a95533e6db4375f25621824f1b1571f5d98c373006b72ab74a487b4dc23231;1/01/2017 0:06;532;0x61c808d82a3ac53231750dadc13c777b59310bd9;e4b883e5bda9e7a59ee4bb99e9b1bc;7,90723E+13;0;3996187;00000000000000000000000000000000000000000000000000000000000000000000000000000000000000000000000000000000000000000000000000000000000000000000000000000000000000000000000000000000000000000000000000000000000000000000000000000000000000000000000000000000000000000000000000000000000000000000000000000000000000000000000000000000000000000000000000000000000000000000000000000000000000000000000000000000000000000000000000000000000000000000000000000000000000000000000000000000000000000000000000000000000000000000000000000000;94d7f0ab625c0df5f357797dc4ed77c29e55d033d6370c4c6f4acb03c14ea33d;4,96728E+18;56e81f171bcc55a6ff8345e692c0f86e5b48e01b996cadc001622fb5e363b421;1dcc4de8dec75d7aab85b567b6ccd41ad312451b948a7413f0a142fd40d49347;cf3e47600f2b900a3ee86f8c88663dbd24713735cec65a3dc978dfc2ed5fc0d3;1,11838E+20;56e81f171bcc55a6ff8345e692c0f86e5b48e01b996cadc001622fb5e363b421;0;0;1;0;1;5E+18;402.241;5E+18;402.241;5E+18;402.241;0;0;0;0;5E+18;402.241
2912439;abcaeec5b415c5ec69e795030a8b87e3b0c0e9a07c136861018314721691a9b2;1/01/2017 0:06;532;0x61c808d82a3ac53231750dadc13c777b59310bd9;e4b883e5bda9e7a59ee4bb99e9b1bc;7,90725E+13;0;3992286;00000000000000000000000000000000000000000000000000000000000000000000000000000000000000000000000000000000000000000000000000000000000000000000000000000000000000000000000000000000000000000000000000000000000000000000000000000000000000000000000000000000000000000000000000000000000000000000000000000000000000000000000000000000000000000000000000000000000000000000000000000000000000000000000000000000000000000000000000000000000000000000000000000000000000000000000000000000000000000000000000000000000000000000000000000000;68c81183d54df71d78bbb3f7941233fbce4b6efaef67dd0e9c81e1cf97193f01;8,4805E+18;56e81f171bcc55a6ff8345e692c0f86e5b48e01b996cadc001622fb5e363b421;1dcc4de8dec75d7aab85b567b6ccd41ad312451b948a7413f0a142fd40d49347;54ec53f99e154b9f43b7e010f9c65b638b0cf378d45595e2da447887528d1bb8;1,11838E+20;56e81f171bcc55a6ff8345e692c0f86e5b48e01b996cadc001622fb5e363b421;0;0;1;0;1;5E+18;402.241;5E+18;402.241;5E+18;402.241;0;0;0;0;5E+18;402.241
2912440;1831bd754d68ad3934a56733e325d5bb40ec03f90083add38b639ba6b47029fd;1/01/2017 0:06;4317;0x4bb96091ee9d802ed039c4d1a5f6216f90f81b01;657468706f6f6c202d20555331;7,9034E+13;941181;3996183;00008010000000004000080000000002000000800000000000100000000420000000000000000000000000241040000000001080000000001000000040000000008000400000100000000008000000000001001080000000020000000000040001002000400400000000004000000020000002080040000000000012000002000000220000000001100000000080080000000100000100000008000000080100000000000000004000000002000000000000000000000000000000000000000000000002000004000000000000000000000000000000000020920000000000202000010010000000000000000000000201000001000020000800000000000000;e9adb2b9026487c1be15a53eea0db08c63a605c892b7b4a1be5a2407fdb0bad2;9,43205E+18;2518c0c15687edb6fc06510fc89de45a489032254170175ba35a6a166a7dbc83;1dcc4de8dec75d7aab85b567b6ccd41ad312451b948a7413f0a142fd40d49347;a6495ce76256ac60de43c667e7ba13a08b1e824049184f370354a600cb84b6b4;1,11838E+20;06e4ddcb6cf9936347aac76fd362b4f9d1d4af2c9546874407cd403826021cc9;0;23;1;25;1;8,06866E+18;649.109;1,00508E+19;808.566;5E+18;402.241;0;0;1,88236E+16;0.1514;5,01882E+18;403.755
