2912407;\N;\N;1/01/2017 0:00;0;synthetic_coinbase;\N;0x61c808d82a3ac53231750dadc13c777b59310bd9;1;5,00E+18;402.241;5,00E+18;402.241;0;0;0;0;0;;0;;;;46;26
2912408;\N;\N;1/01/2017 0:00;0;synthetic_coinbase;\N;0xa42af2c70d316684e57aefcc6e393fecb1c7e84e;1;5,00E+18;402.241;5,00E+18;402.241;0;0;0;0;0;;0;;;;99;58
2912409;0;4a2024466ef2997ae71941e8b01587d0e3c8b90f6d33d854d58d40c1d3a7ee24;1/01/2017 0:00;0;call_tree;0xcaa216e03ee4932941ef0729f250e297fd5655ad;0xfdc77b9cb732eb8c896b152e28294521f5f62e67;2;0;0;0;0;1,87E+15;0.0151;46860;70000;40000000000;e637a44b0000000000000000000000000000000000000000000000000004b96f37b642b900000000000000000000000000000000000000000000000000049285568984c7;159814;1b;c182405310be7554d63f8b509ad8b2467aade1a1c6eaf2b4ce20238d14aa2590;26e73fd3bc88f6eb406263548fe5ddb454f839336da13eac41327d68917ee840;53;95
2912409;1;1a0583df4c91bd66ec3ac10eb421428721bbe68769f66a6267b527aa27831d0f;1/01/2017 0:00;0;call;0xb2930b35844a230f00e51431acae96fe543a0347;0xc53d973157320423842f65df86892ef02a24bb5d;1;1,21E+18;97.479;1,21E+18;97.479;4,20E+14;0.0034;21000;25000;20000000000;;623369;25;e4cd2d291a51f3ad59c1c27e9a1adf1cad0fa321ade6919a1e1960f07a251a6f;386dca14645547b580d73144753cce6c753c18172baba083eab57e66de0c2349;94;76
2912409;2;55349674fe515e686533fa0e1e35a7313fb87100b5fe23a7977e06ffcc89a514;1/01/2017 0:00;0;call;0x00472c1e4275230354dbe5007a5976053f12610a;0xcd111aa492a9c77a367c36e6d6af8e6f212e0c8e;1;0;0;0;0;1,32E+15;0.0106;65864;940000;20000000000;e1fa8e84414b39620f195bd187282c675f212f1d5d165590b942518f43562df8672a5737;21297;1b;c3dafc48c1747a819577bc294c40fb127784c91512de2058090386276b8e892c;5f71f7875010d0190e50e7c15f1f896cef51ea136ff38ad0c6ec9e7de4630c23;1;74
2912409;3;10c79b92b98d100a8866cce71d962adf80d24532ef298900135502d8ff837c27;1/01/2017 0:00;0;call;0xb2930b35844a230f00e51431acae96fe543a0347;0xcda3ec202bc60e8d2b0e1a5c96c00f68ef197252;1;2,04E+18;163.783;2,04E+18;163.783;4,20E+14;0.0034;21000;25000;20000000000;;623376;26;0e3c8efa349fc78265a11ead0a45614f6938b5143c02e5d6d784f44e1673c6a3;2e00178310fb6621785a500ec087e39019be018b0b2289de6f0b1c7a91096db4;31;72
2912409;4;e74ad7a50eace3a79cfc29b1587a6c633778fb505613f767f3c2a335076091c8;1/01/2017 0:00;0;call;0xb2930b35844a230f00e51431acae96fe543a0347;0xd5bde0fe842d5b0db26cbd9da2d6f741a25a1e94;1;1,14E+18;91.665;1,14E+18;91.665;4,20E+14;0.0034;21000;25000;20000000000;;623377;25;6da503a2afe108c5f99b242af8784ecf4eb78989f19efc0ced6b5d885dd8d499;553cb85289b8f677bc58263e66cec176037485469815ae71aeeef54005074692;28;49
2912409;5;325bd96edacd5c19ed472ddcb61afdaf5698cdc90d62fdbd309fc1b9b53eb138;1/01/2017 0:00;0;call;0xb2930b35844a230f00e51431acae96fe543a0347;0xa042d85aa4bf6ae9e9faf0e16f80af5a29e21c3e;1;6,32E+18;508.671;6,32E+18;508.671;4,20E+14;0.0034;21000;25000;20000000000;;623378;26;5169ea587acd324b09345efe295c303b5ddf3a016ff85332c51f16b94f5557ab;79bd25a63d0fb2917f0b27b84bd044e8e4ca6f9b873bc2ede1c28526093a5bcd;21;75
2912409;6;b8f13fa05f310bc0899afb09c393f6dccdd51fa958c94421bd37332e8825f371;1/01/2017 0:00;0;call;0xb2930b35844a230f00e51431acae96fe543a0347;0x65cb3c75369c16a2dd50db9a85a0be69790fc157;1;2,00E+18;161.036;2,00E+18;161.036;4,20E+14;0.0034;21000;25000;20000000000;;623379;26;3382cf4a7817cbc0b8f12e5ba5f9dba4832cc7f6d37c1c9fd6c3c6acbb7239c4;2e3b4b2a9b02287dee3e5f8f3c5e8658d79c398cb802635dd1cf841165687cb8;51;55
2912409;\N;\N;1/01/2017 0:00;0;synthetic_coinbase;\N;0x463f3bc8186c43b449c8b31dc9a89e6ea8439202;1;5,01E+18;402.667;5,01E+18;402.667;0;0;0;0;0;;0;;;;89;97
2912410;0;3e980e3d8653b223aec858565210ff388ea8b7572afa8217a4ab6438a7fa4978;1/01/2017 0:00;0;call;0x32be343b94f860124dc4fee278fdcbd38c102d88;0x63a470aa6618e3b9e0f9c489eda58ed31d615af1;1;1,09E+18;87.689;1,09E+18;87.689;6,30E+14;0.0051;21000;333333;30000000000;;1606265;26;518f1e57be5fe08261fd084c0edcb97148f8f3487c4da33a33145d4544db39be;77e3da4d45368436c23958846a1c41b67d18159d6ca61fb8457d8ef921f221fc;63;99
2912410;\N;\N;1/01/2017 0:00;0;synthetic_coinbase;\N;0xc0ea08a2d404d3172d2add29a45be56da40e2949;1;5,00E+18;402.292;5,00E+18;402.292;0;0;0;0;0;;0;;;;52;58
2912411;0;600baa6ac53103e682890241e01f84672eac39dbbb42a94df2a1c29b22e109f6;1/01/2017 0:00;0;call;0x056a29c28fec0ef7478c3812a5538a5e6e95c995;0x545c3121f9c85ca4d5741f084738d5859f781609;1;1,00E+18;80.448;1,00E+18;80.448;4,20E+14;0.0034;21000;90000;20000000000;;0;26;ec42547be525889cb8eb174813aebaade9939b1767d2bed2e87d0cf5ed1eee4c;27f0af2651591dc2ef1d2ef001c47ea2015c6692c821fb164bdddb2afe919fe7;0;89
2912411;1;6064958550ca70813f6251ca0cee28be5d6cb648e18baea8798146ab59534c85;1/01/2017 0:00;0;call;0x00472c1e4275230354dbe5007a5976053f12610a;0xcd111aa492a9c77a367c36e6d6af8e6f212e0c8e;1;0;0;0;0;1,32E+15;0.0106;65864;940000;20000000000;e1fa8e8442befa027d215e25901c13ca271da3e5f8044ec5f71db1dd206501e9330f1c81;21298;1c;5c272ffc1db136ce21d2bffe512c2d1b5f60e65b552935a5eb601dacd9716344;110973d15cfc746cd1aa30c4a0a06c90679846d434ee21910d726122a1517c2d;83;10
2912411;2;6cf9fd5e6f1b510f1d5dcb6ccf47c19c2b314cbd96e6829a4628933d27b6993d;1/01/2017 0:00;0;call;0x1e9939daaad6924ad004c2560e90804164900341;0x2a4a3b8c86dc92784ccec45ba33a9c67f1bf78a4;1;1,07E+18;85.859;1,07E+18;85.859;4,20E+14;0.0034;21000;39000;20000000000;;1283680;26;a70b377c10637bd7e239e3b71eee724c5554b47611d38cd754fa759ca07c558c;397b8953c9265b60481e6c9341f0d23664ba65dd4cd73d7e3ccbae31ae462e8e;14;11
2912411;3;6fbc2e7b5091ce879c4aceb2c8086f7693350f1018123283d7dd09a1b575af01;1/01/2017 0:00;0;call;0xea674fdde714fd979de3edf0f56aa9716b898ec8;0x88aeddd3896e3db793102e3fb87ba62e719e1281;1;9,50E+16;0.7644;9,50E+16;0.7644;4,20E+14;0.0034;21000;90000;20000000000;;16921605;26;a7cbd5c5617db6c05b9cb294003091440f7fe86f1c27c42491e0821c63e40abe;7eb3befeeb18b1c3b79e8964b4bc59c6fcffa101bef2d0b698904de6b615b4ea;4;5
2912411;4;df228ae05809006207579c313fc941f42f207e5a70d1f4d50c0db13064a69143;1/01/2017 0:00;0;call_tree;0x8bb3738661f0c2ccfb3bf51ef0a20e2ddb4b2e17;0xe94b04a0fed112f3664e45adb2b8915693dd5ff3;3;1,03E+18;82.879;2,06E+18;165.758;6,89E+14;0.0055;34470;134470;20000000000;0f2c9329000000000000000000000000fbb1b73c4f0bda4f67dca266ce6ef42f520fbb98000000000000000000000000e592b0d8baa2cb677034389b76a71b0d1823e0d1;1427;26;bd86eb5fe1e8f01a0a47bc05ae9d02e24c068a9a086f2cbec165530c8c6f5565;2cb0e5ad9f39f90ee99f61cdcf2f895d266b41483c720da1739cd070d98f6a97;31;88
2912411;5;3405ef0bd77e3db7d9a7b108815d7c2e562d78950a781d3f691f81d617f51b1f;1/01/2017 0:00;0;call;0xea674fdde714fd979de3edf0f56aa9716b898ec8;0xd017c1d40046dc2ae5847e07de92dcc26a52dccb;1;1,00E+18;80.699;1,00E+18;80.699;4,20E+14;0.0034;21000;90000;20000000000;;16921606;25;0cfa658a62fc59256fb28d1414b11608d8ba67816c5c979be133a21bc80a4270;5657cca514988a7bee592aa816654ee79107bde630b6b8e3fd903782426b03c2;78;34
2912411;6;3f39f97b8f3151326c76c153672504cc223f0a2a65fc1fd8841c75af07afe01f;1/01/2017 0:00;0;call;0x00472c1e4275230354dbe5007a5976053f12610a;0xcd111aa492a9c77a367c36e6d6af8e6f212e0c8e;1;0;0;0;0;1,32E+15;0.0106;65864;940000;20000000000;e1fa8e8476fb65c039449284aa6e7731c565b6bbc87bfcd79b621b130f7dd4629d61bd73;21299;1c;8e599b633b7ec597de82ba66428b6459f02246fafea453309d999c596ff391fd;180e474c07c3b2e583020b0bf0b7f2ff6325b03a2ba5222c5c59613a2a13be57;36;0
2912411;7;fd42ce030d72e50284ee01dca0231180c5e892abfc1741781770b65b983eaefd;1/01/2017 0:00;0;call;0x1e9939daaad6924ad004c2560e90804164900341;0xa3c008fd5b4b796e3d11dda38188c0b075a75dab;1;1,02E+18;81.938;1,02E+18;81.938;4,20E+14;0.0034;21000;39000;20000000000;;1283681;26;0d0de1b156e93d12452e41c4ece63754b181969ae4e0675c4a65ca704929801a;54d31d90befab76c4ac2d013311b778d7d680b98f5031d749820f5355dd025dd;83;21
2912411;8;4c3e1245748df152924353cb7db73f95d93b840f58f8a0100e4e2610061404ef;1/01/2017 0:00;0;call;0x1e9939daaad6924ad004c2560e90804164900341;0xa85aa02ac1cfef8602f622db3e3ccdbfbbff37d9;1;2,13E+18;171.123;2,13E+18;171.123;4,20E+14;0.0034;21000;39000;20000000000;;1283682;26;b90b909d595edb4b5d10bbf123bb762a9d579a73ac5e114eac6269bd51b9da1e;2190be40b7dd18632d4c9ad67ab6b771e90e0e1b997e54227c26f872c51af67a;79;51
2912411;9;709dce5c9f831e0289791ed30a773bdd941e1c33c8b3d532219605a71f1bc69d;1/01/2017 0:00;0;call;0xea674fdde714fd979de3edf0f56aa9716b898ec8;0xdc920c9c8b2463e4760c8d219f3a521015bab266;1;1,01E+18;80.866;1,01E+18;80.866;4,20E+14;0.0034;21000;90000;20000000000;;16921607;25;8eccbc389652d5072d14b852cb18e05084322da121d90257b3161749f2235727;078197f77b20a6831dd7d48c4f77b63777526007c87ee0721ac382b23b3fe019;79;45
2912411;\N;\N;1/01/2017 0:00;0;synthetic_coinbase;\N;0x2a65aca4d5fc5b5c859090a6c34d164135398226;1;5,01E+18;402.745;5,01E+18;402.745;0;0;0;0;0;;0;;;;79;45
2912412;\N;\N;1/01/2017 0:00;0;synthetic_coinbase;\N;0x1e9939daaad6924ad004c2560e90804164900341;1;5,00E+18;402.241;5,00E+18;402.241;0;0;0;0;0;;0;;;;43;45
2912413;\N;\N;1/01/2017 0:01;0;synthetic_coinbase;\N;0x61c808d82a3ac53231750dadc13c777b59310bd9;1;5,00E+18;402.241;5,00E+18;402.241;0;0;0;0;0;;0;;;;43;45
2912414;\N;\N;1/01/2017 0:01;0;synthetic_coinbase;\N;0x61c808d82a3ac53231750dadc13c777b59310bd9;1;5,00E+18;402.241;5,00E+18;402.241;0;0;0;0;0;;0;;;;43;45
2912415;0;075a7e8ecda32ed03c6e6cf92762e2d601ff0b417d2549a45cea4a21b7ec2e6d;1/01/2017 0:01;0;call;0x33b92cacc7d0689a67e3405aa8ba2e6c03a1be5c;0x9abf60db7d9b9aac1b22c4e34342c8280f5e57b6;1;9,79E+16;0.7877;9,79E+16;0.7877;4,20E+14;0.0034;21000;21000;20000000000;;0;25;7133b9b103d17befb9955a2614abae4bfadc9ded7e535ff8c860a6bd0c9a71fe;08815ba57b11c1b66a27a02cfaa027b923d6a000ae60159c7fbc359b9df72bd2;43;45
2912415;1;4edf728037cafde42afb688d38a720b6c51518d1d037c6e42c404904fca04aa2;1/01/2017 0:01;0;call;0x4bb96091ee9d802ed039c4d1a5f6216f90f81b01;0xf07149d6720496ad40989c84e603e020073350ce;1;4,95E+18;398.378;4,95E+18;398.378;4,20E+14;0.0034;21000;39000;20000000000;;1640744;26;4a24df4b68fc26eca054c9645ad1fcfa880ad32a3cee94c36cf8d66eb7fbe3e3;766639b135974d9c4f106c8cc8db1e04b5d1a091898b318343ec9966b49a1803;43;45
2912415;2;4f2e123f3fbc4bc1807da9d38076cde1057d3f6954dbd9602a270af5d3e094ff;1/01/2017 0:01;0;call;0x1e9939daaad6924ad004c2560e90804164900341;0xafdbac74484c44d1d4dcc59b630c3ee2bbb7e150;1;1,01E+18;8.119;1,01E+18;8.119;4,59E+14;0.0037;22945;39000;20000000000;;1283683;25;68ceca605efa3cd1a9657e4fd1a66dc9effbd136bbf9be88673bebe5aad569a2;0baa58a591a381552c4ff83988b5f094f3541cb91d9ced0cdb2ad77794cbfe5e;43;45
2912415;3;50320ca26340e4c24fd55cb67623497da67b41e36a41fda1970a1ebab8f83957;1/01/2017 0:01;0;call;0x9ae63ee2e8ed29f4a4edb982f918a33c2caf3f98;0x9abf60db7d9b9aac1b22c4e34342c8280f5e57b6;1;9,76E+20;78.549.606;9,76E+20;78.549.606;4,20E+14;0.0034;21000;21000;20000000000;;4693;26;4c2d285b989ce1bf2872e499a03288bb2e6be4c38d950f21a518cf17209f33f1;6ebb656dddb5c79699f1c7c9ad629d52e80d30008ff1f6b87342cb72f6e9c090;43;45
2912415;4;6153b2ba986a51529af91345a62788deb67444dd44128a0409d45146714a4227;1/01/2017 0:01;0;call;0xa8a4a25f0dbd737cd34eab4f390c356cac2cd5be;0x9abf60db7d9b9aac1b22c4e34342c8280f5e57b6;1;4,25E+17;34.219;4,25E+17;34.219;4,20E+14;0.0034;21000;21000;20000000000;;32;25;e0ee4187aad2ba29b5df6338346a5de936239720470e33426fdee46bcd3f3197;08a6a80c882141ec69198b611625f510d6e02a8420f39f37a6d380544112be68;43;45
2912415;5;a48bee59d02aea36184f5c8fb4e461a9c03b3c758e71bd114acd4fb4cfedfdd6;1/01/2017 0:01;0;call_tree;0x54ae23c37fc51c9c5ebcf84d7aa1e9df9e97eecb;0x9554efa1669014c25070bc23c2df262825704228;3;2,69E+15;0.0216;5,37E+15;0.0432;6,66E+14;0.0054;33296;40000;20000000000;0f2c932900000000000000000000000051836a753e344257b361519e948ffcaf5fb8d52100000000000000000000000069a04b4185db292d80a983e823b150ff2418a10b;3;25;2e32b1472a137fbe7d523821b3fd2d415f7b13c9c309999d8d301e24a9dcb9f2;698b4413b7814b0f91146ed4d890b7685e9288416bea4e162b494dd7a5c2c213;43;45
2912415;6;a7e8e83260a4094b7658a02597acbd465d2814287b4f5b776e7bc3f3b1b743d3;1/01/2017 0:01;0;call;0xe8eefa89e7ced4e06872e2cf0a9113a8eacdf250;0x9abf60db7d9b9aac1b22c4e34342c8280f5e57b6;1;5,44E+21;437.915.115;5,44E+21;437.915.115;4,20E+14;0.0034;21000;21000;20000000000;;1;25;a5f6bbd811b5216daf8d9cf726da2552633155aadc6ab8f365cd3b2641a65b79;1c7888032f2219875445d73d96319301a605fbf507e9c10d9542a9ea6cb6b89a;43;45
2912415;7;d013ff3fe35b25e85a9f392ef06ff397ac6cd467e7e234579bdce5a66cf14ca9;1/01/2017 0:01;0;call;0x80a65076267148bc192bc68d867f528994e4c5a9;0x9abf60db7d9b9aac1b22c4e34342c8280f5e57b6;1;3,96E+18;318.721;3,96E+18;318.721;4,20E+14;0.0034;21000;21000;20000000000;;1;25;51dc8f05e74e6e41315e4f0cf6fb2d478dc696dcde265eb3950c3eb6752d57bc;30ae9f5b0df799562764ab3a6fbe766aa8f5bd93337467a72ffcd41cfdabe51c;43;45
2912415;8;e713267ec714ce5ddf6d15736e9ec0a8802e521f1c1c8f20942740e5c1db6fc1;1/01/2017 0:01;0;call;0x056a29c28fec0ef7478c3812a5538a5e6e95c995;0x9abf60db7d9b9aac1b22c4e34342c8280f5e57b6;1;3,58E+21;287.737.084;3,58E+21;287.737.084;4,20E+14;0.0034;21000;21000;20000000000;;1;25;39713700097d90dac4cd0d88a79b50c6663b55e91656ec9bcd0ec5eab1e61f8b;32afc74720a45194a7073d607dc7b9f2faecc0fb64898e28c0d884db4436c046;43;45
2912415;9;d245ae95163435a2cc5426714595004c5da19a5f2e0ff14f523e9d9062ab71cb;1/01/2017 0:01;0;call;0x056a29c28fec0ef7478c3812a5538a5e6e95c995;0x020673276a58bb92d345fb0e3040aca28378ef6a;1;6,42E+21;516.744.877;6,42E+21;516.744.877;4,20E+14;0.0034;21000;21000;20000000000;;2;26;09ea532232aa8ebf56fbc5242b267656d98fa625be5c03e488aa6a8c5e61f857;71a16479ff8eb61b925e8ace0e1c655bd0a77b648f31f8759535333a52903f86;43;45
2912415;\N;\N;1/01/2017 0:01;0;synthetic_coinbase;\N;0x6c7f03ddfdd8a37ca267c88630a4fee958591de0;1;5,00E+18;402.602;5,00E+18;402.602;0;0;0;0;0;;0;;;;43;45
2912416;\N;\N;1/01/2017 0:01;0;synthetic_coinbase;\N;0x61c808d82a3ac53231750dadc13c777b59310bd9;1;5,00E+18;402.241;5,00E+18;402.241;0;0;0;0;0;;0;;;;43;45
2912417;0;1934f65de6975e78fb55d60b84629a8816bc636d2504717ca5f6df8938b04530;1/01/2017 0:02;0;call;0x1e9939daaad6924ad004c2560e90804164900341;0x293fc4bdd4532a83fd0800beaf4d69664c787d9a;1;1,00E+18;80.662;1,00E+18;80.662;4,20E+14;0.0034;21000;39000;20000000000;;1283684;26;a14cff53be5b607d0abcfb336c8f6842aefaebd0c25bcd5e5a9c822ad5cb20c8;5a1d49d0da8c54dadfa46881bf27720210efd95bb998c21ca4e2bb05d0bcefca;43;45
2912417;1;77b414cbd6e5815b3416bb365597001f930130eeaf87335538783c5764d66461;1/01/2017 0:02;0;call;0x00472c1e4275230354dbe5007a5976053f12610a;0xcd111aa492a9c77a367c36e6d6af8e6f212e0c8e;1;0;0;0;0;1,32E+15;0.0106;65864;940000;20000000000;e1fa8e84670fea3d306aea5b6382c5fe0b2257d21c61d3b99743f4c25cefdd8baebdf841;21300;1b;825d4b17b2230b2d44ae70b193b95ab996fd61f26b57d0ef53a9749c6bf608ef;52c779dcd5aa18b821738ef0a178af270323410f342b107c738f8cfac966fb76;43;45
2912417;2;bcfc6cc7321d17482c4d1b01a9405546236569a52ff3ecdb64eec540a7e0abab;1/01/2017 0:02;0;call;0x84ba23d0b49070578b9792291c6a3ad0ecf2f96f;0x8b2232c5006a7c9bcb7b52d07ad429bb71ae2c1c;1;6,09E+17;49.017;6,09E+17;49.017;4,20E+14;0.0034;21000;21000;20000000000;;596;25;da76d38523b34d890d7dfe038382082dd6da96927948cd97351a413e5207daee;7c6fdf9550ea901344fd5b79262c2ad53889dca1918b5cd740714a78ec7c3949;43;45
2912417;3;dc7ed94316fa1024740b5699df45624756192f6e2d848777fd06df8c163eeb19;1/01/2017 0:02;0;call;0x14f29b7713849c9ade25b48bedb11ea97b66bcb5;0x5dc9319e66614282da8782d19ad7758776aa751c;1;9,47E+16;0.7615;9,47E+16;0.7615;4,20E+14;0.0034;21000;21000;20000000000;;0;26;7d723bc9a3060c8750acf4ad8f220c04a1cdbc69838a6955e329720702d07b78;026fff4c666ac1981a4662dd1f4890a702f90d880d9386a713d778e1999bdde3;43;45
2912417;4;8c261f288ce5b9b6186bf783df7e71236d6b6e996793ee786cecdfb7b2bf09c3;1/01/2017 0:02;0;call;0x1e9939daaad6924ad004c2560e90804164900341;0x32f8d7b44341dc624fd3192bbcf09256c1d52b02;1;1,01E+18;81.026;1,01E+18;81.026;4,59E+14;0.0037;22945;39000;20000000000;;1283685;26;74f230e157a7bbb499bdf172e9fcaaeffe4000bbd4258507f65c045a3f9b4543;5ffa843aabf67259d8f4a75a0d26cb3a2d0af4fc984f72520cfff5b8afe9227c;43;45
2912417;5;65e77253ddbbaa90c326508ee3bbefba0df74f0dddd96d4c2ddc515046dcfea1;1/01/2017 0:02;0;call;0x1e9939daaad6924ad004c2560e90804164900341;0x67981fb45531eaef0814f08647a960fbcc8b10e6;1;1,13E+18;90.847;1,13E+18;90.847;4,59E+14;0.0037;22945;39000;20000000000;;1283686;25;67a5b5ac1ca913159b9e14a07d878fdf6d47f24863f8740531c315a78f4e1059;37cc2f05a4f7a4819d2587c503ad982dd61366963385229c4a21f3abf1d64db4;43;45
2912417;\N;\N;1/01/2017 0:02;0;synthetic_coinbase;\N;0x1e9939daaad6924ad004c2560e90804164900341;1;5,00E+18;402.522;5,00E+18;402.522;0;0;0;0;0;;0;;;;43;45
2912418;\N;\N;1/01/2017 0:02;0;synthetic_coinbase;\N;0x2a65aca4d5fc5b5c859090a6c34d164135398226;1;5,00E+18;402.241;5,00E+18;402.241;0;0;0;0;0;;0;;;;43;45
2912419;0;3faa7977cbee0789db27008be390ec7bad751f8086b80f723012e4b93f3ddf5a;1/01/2017 0:02;0;call;0xea674fdde714fd979de3edf0f56aa9716b898ec8;0x1915ae911a3b1cc4b1c9645fc5e497ac12cb5f16;1;1,00E+18;80.568;1,00E+18;80.568;4,20E+14;0.0034;21000;90000;20000000000;;16921608;26;ad7c4d581f9f1be76643f43d9f3df4ce2d94ff7fd6de3f86bfc970ab1b331d73;7fde36328f93000233c4b0c0b6ede1ce5465ad6ca341c4c60b6cf570fe64d19c;43;45
2912419;1;7143ab5dfb454a50d1ece19b85d373b6a0b2ffd8a68cd66902251c804335f826;1/01/2017 0:02;0;call;0x00472c1e4275230354dbe5007a5976053f12610a;0xcd111aa492a9c77a367c36e6d6af8e6f212e0c8e;1;0;0;0;0;1,32E+15;0.0106;65864;940000;20000000000;e1fa8e8425848726955aa5265ba9a6c195ec9997429cea80e71d4585ab22a02bebdfe8fc;21301;1b;f613b7166f0af37db2c2d3b0524dd13e18d3a64aaaa034ae1049a4f086b5d406;61cf5dc521918f6862f8df0c990395110da2ac33d035f0497bf1e4370dc97658;43;45
2912419;2;a53f2ce00e21904f972c6652b4a3a235119d90dd1928c28011791f22fb2967d5;1/01/2017 0:02;0;call;0xf9fe056653cfb7b23eaef6a3c820f09e2e6f6f66;0xdaaef796323dcdb8e476d91d9d5fe4f8bbf31476;1;7,19E+18;578.298;7,19E+18;578.298;4,20E+14;0.0034;21000;21000;20000000000;;0;26;082d3c265e5f56a0e43b99b7be03327730dc9073fe722332e90f90c928f9a042;0f227acfd0c8c66f19aa47fd380cc500ba9fbe0de4557c3d1bc7eb4e7bfe382d;43;45
2912419;3;bfbcaf62909b7eb75892903161843098469876f7d28da7704a86a81e8fe79fd4;1/01/2017 0:02;0;call;0x1e9939daaad6924ad004c2560e90804164900341;0x718787684e13b6b69bd3b55f2da9dffe1cef408f;1;1,02E+18;82.181;1,02E+18;82.181;4,20E+14;0.0034;21000;39000;20000000000;;1283687;26;5e9612bc21eda5c7ee76eda4f6da967e8fde85d2da730ac71333cc89418dc93a;7f2083fbd09f4732d149274955d771e78c096e2f7a9f5d1aecabf3a0eaa4a7d2;43;45
2912419;4;158e5562899e5842b488caefabe5a9ee6e091b8e0af942c245034219f10be28b;1/01/2017 0:02;0;call;0x1e9939daaad6924ad004c2560e90804164900341;0x831902c2601b977f7e4d01bf8d68362d2c75e864;1;1,01E+18;80.867;1,01E+18;80.867;4,59E+14;0.0037;22945;39000;20000000000;;1283688;25;2371a41ef41c03a9fc40fbe0f7fea3591297cfcd173a157a822d4a9cfb372e3e;5fac31ab8b43f6ee23242e1fa11bd66a1d6152f539951c52c5fa1f401f2010b8;43;45
2912419;5;d9b3d4fcfc126e34958ba3e6393d643b621357429ee7a3e14fe2fa3ca7b45b54;1/01/2017 0:02;0;call;0xea674fdde714fd979de3edf0f56aa9716b898ec8;0x5e2c12c5349df2c4d3d595a91250720ea855f76d;1;1,00E+18;80.552;1,00E+18;80.552;4,20E+14;0.0034;21000;90000;20000000000;;16921609;26;ced3a954dfec543a01ae05c987ced73fbea15059b0a35dd3e1fdc3552ad8b46d;33fc550c459e76cd881a3d39acf90acf83f8fc4c6c4c9c50666aca22b092a03e;43;45
2912419;6;1e008871d79033af35c71a7be8fe5e861b9b2fae4269cc453c9438cd92907018;1/01/2017 0:02;0;call;0xea674fdde714fd979de3edf0f56aa9716b898ec8;0x5efd382478b2fb82fd9e5d55f4170e34112cd354;1;1,00E+18;80.542;1,00E+18;80.542;4,20E+14;0.0034;21000;90000;20000000000;;16921616;26;ab31eeac578fd460df186f1c58ae9724397d3f99110e1e9d39b9254178fdaca4;3ac7cc4d6f8320d18981fcfdb5bc46c81bd41881ce2138fbd3dc912b4f92a270;43;45
2912419;7;9e9dfaa38264b4191c2df5ffd5894781f14b9e74e8972e86217fb221e8e307b9;1/01/2017 0:02;0;call;0x1e9939daaad6924ad004c2560e90804164900341;0x834825b87e628f2457a192e98f4995e054c99f79;1;1,01E+18;81.305;1,01E+18;81.305;4,59E+14;0.0037;22945;39000;20000000000;;1283689;25;ffc688530aac2e589c148b8176bb205bf5e9ca3e2a1b0cf98562d1bb4a0ba848;43613699da35c5b5206b26d855127dba403526ab8a00694bc585181fde8e8874;43;45
2912419;8;01353c3702bf69ab5de07c09f96df4de2ce8622527327ea85fee92129a9c9a58;1/01/2017 0:02;0;call;0x1e9939daaad6924ad004c2560e90804164900341;0xa85aa02ac1cfef8602f622db3e3ccdbfbbff37d9;1;3,19E+18;256.615;3,19E+18;256.615;4,20E+14;0.0034;21000;39000;20000000000;;1283696;26;dfb1d96d1e98a0845f2947380aedc904a9634a5e398d03a917dc19fbacb7bd42;6c7494c94ba4bd3b4554b002c6481712bf862032949eb26a599a596a520c81d3;43;45
2912419;9;988066d4d84496e44d4f9081a883bc11ce2a5631c5c173d5613b0b36a7fc3e2b;1/01/2017 0:02;0;call;0xea674fdde714fd979de3edf0f56aa9716b898ec8;0x606c0590bdc337a816e182c29976c46c2cd0d531;1;9,50E+16;0.7646;9,50E+16;0.7646;4,20E+14;0.0034;21000;90000;20000000000;;16921617;26;b889b4f86772888854ead4096aa47e45898ed6012b47ff5bb22ac7943149972e;74662ac5d19a337cbcee53e314ad23f9d84d237930db90d98ec1a03b07260f03;43;45
2912419;10;9348c0df786c63b9612ebf3b456a8c04d26fca77e2afec8af0a1072f1a41c5ca;1/01/2017 0:02;0;call;0xea674fdde714fd979de3edf0f56aa9716b898ec8;0x738601e43fa32334e32b9aab4eed8f8659b82d02;1;1,01E+18;81.616;1,01E+18;81.616;4,20E+14;0.0034;21000;90000;20000000000;;16921618;26;71e78dd7022c6611eda1c464879175a17e2e3491a3f07f19fdd5e60c74d14c4a;73835c010cb167b5a3f895cbbfcd110a53f3d96b8372afe297854c679741d78f;43;45
2912419;11;5d8099408f75519ffa3e87b1110430e3f5bc91ab2e31f86e7caa4248da0e4907;1/01/2017 0:02;0;call;0xea674fdde714fd979de3edf0f56aa9716b898ec8;0x83d367e3a6b4e3c58d402b324e04472c28e96637;1;1,01E+18;81.418;1,01E+18;81.418;4,20E+14;0.0034;21000;90000;20000000000;;16921619;25;947fc0b95d7d2a75efa5d2327a9e76675ebe07cede190017ed3d813dc4145157;32f28dcc5b3cd53c5bd794dde41a503fcc8b246c390a26d42e359c08816e3f4a;43;45
2912419;\N;\N;1/01/2017 0:02;0;synthetic_coinbase;\N;0xea674fdde714fd979de3edf0f56aa9716b898ec8;1;5,01E+18;402.725;5,01E+18;402.725;0;0;0;0;0;;0;;;;43;45
2912420;0;6626d31ef5dff4f5be664887045aaa331aca10e308d1f70020f26ca9101a5b13;1/01/2017 0:03;0;call_tree;0x8aa93c702f0f36f54e1e32490ed5656b343157c4;0x58330caaf7e17fd72f0c85f2a2cfa2ebe6a406e9;3;0;0;0;0;1,39E+15;0.0112;55673;155673;25000000000;b61d27f6000000000000000000000000abbb6bebfa05aa13e908eaa492bd7a83437604770000000000000000000000000000000000000000000000008f38015282080000000000000000000000000000000000000000000000000000000000000000006000000000000000000000000000000000000000000000000000000000000000440f2c932900000000000000000000000070e25e331d971272b7ce58bee7d0bbf2181b92b90000000000000000000000001519addea4adc91d1ef6efb95cbfc922a4f3751a00000000000000000000000000000000000000000000000000000000;23;25;3f01b5175159c39b8c323ae156f6667cb7f50a6fb3dc4820c758b82b874fed64;7bd8fa31935b101fa801cd59302cb1aa21ab83671ed2f9c744bdb25ee3c092e5;43;45
2912420;1;7b830c496479ab4c872caa05fe8620f9c4ffad934b0a319f04d5c3657096674b;1/01/2017 0:03;0;call;0x1e9939daaad6924ad004c2560e90804164900341;0xc09bd4ff896201616dca8efde8f32e35e812ac4d;1;1,02E+18;81.785;1,02E+18;81.785;4,59E+14;0.0037;22945;39000;20000000000;;1283697;25;84af5e16a56016365ccf17fc5f4c4dddaeb882a1b554c43a8d3874e66663fcc7;55cb0d32e1d3a1665eace2abe979ed3b21d6204dff85d69380a69677ee331fbc;43;45
2912420;2;bdc61c23bc383f2fe28a1ce6998ea21c7218dfaf8c82d87f36917ca72e72196a;1/01/2017 0:03;0;call_tree;0xc53d973157320423842f65df86892ef02a24bb5d;0x209c4784ab1e8183cf58ca33cb740efbf3fc18ef;2;1,21E+18;9.743;2,42E+18;19.486;6,08E+14;0.0049;30416;40000;20000000000;;1137;25;b56b62504b632226e42a866e34eb8b1ad5474ffd0dade24f9ead983f71b3581d;184778efeb8bd68711fac9b9541b4be79f90cde48ced717f59eab5f7bd650cf7;43;45
2912420;3;d52cadb5e1a2e5e1a8773340f95b56c98c6ecbc7025f5a060647fd40a6ea6a73;1/01/2017 0:03;0;call_tree;0x6350a6c88b7bb0c6ce516be7eae1bb599450ffc4;0x209c4784ab1e8183cf58ca33cb740efbf3fc18ef;2;1,00E+18;80.693;2,01E+18;161.387;6,08E+14;0.0049;30416;40000;20000000000;;2070;25;ef0b107de67a2cb1d5baf2e66a14075ff999d6783b06511f0f5f317679792822;29b2fa2e8244c4ee69df6981eb8a436be0bb544df8b7e768c8b0283b79a3c7b7;43;45
2912420;4;db93372a9574794bdee9ea6252d4f7ba47906d76149f3776d015acb0772183c0;1/01/2017 0:03;0;call;0xea674fdde714fd979de3edf0f56aa9716b898ec8;0xe451a78a823aef61a32020307f64703044babd78;1;4,96E+17;39.865;4,96E+17;39.865;4,20E+14;0.0034;21000;90000;20000000000;;16921620;26;4f25cbe83bbce3ae4275c83dc3fcb8d422200dba1b5b4cc7597f70fbf2e5ced2;2130496d3b274616314fc62e0a0566e687811acd2c09f194c796996a909251d3;43;45
2912420;5;faebbd884367675f3e23de2e655d346e09d0bf34f7d72b145a71bd5195db42ce;1/01/2017 0:03;0;call_tree;0x65cb3c75369c16a2dd50db9a85a0be69790fc157;0x209c4784ab1e8183cf58ca33cb740efbf3fc18ef;2;2,00E+18;160.987;4,00E+18;321.975;6,08E+14;0.0049;30416;40000;20000000000;;83;26;b767015285e1da16b726d1ad0e13666f257faf137a6b2cabff6c7a8a91cef259;0a7e705618f7a02ffa3b981a4169f522bf6b91d29734fa17651f907c85f54969;43;45
2912420;6;9fe4689d48e6af5d5701fe5adce8316a3b64c31eb9fc9efcea9013636ae4cb0d;1/01/2017 0:03;0;call;0x1e9939daaad6924ad004c2560e90804164900341;0xde088812a9c5005b0dc8447b37193c9e8b67a1ff;1;1,01E+18;81.241;1,01E+18;81.241;4,20E+14;0.0034;21000;39000;20000000000;;1283698;25;11d45c03d56610195bcbc1d7a09288c044b31e3b021e81f28f117483c3c86d50;2374d3d68291fb30c37cc9c0131b6153c3447c0b5969dd1c1db7f2082cd3521c;43;45
2912420;\N;\N;1/01/2017 0:03;0;synthetic_coinbase;\N;0x1e9939daaad6924ad004c2560e90804164900341;1;5,00E+18;402.604;5,00E+18;402.604;0;0;0;0;0;;0;;;;43;45
2912421;\N;\N;1/01/2017 0:03;0;synthetic_coinbase;\N;0x61c808d82a3ac53231750dadc13c777b59310bd9;1;5,00E+18;402.241;5,00E+18;402.241;0;0;0;0;0;;0;;;;43;45
2912422;\N;\N;1/01/2017 0:03;0;synthetic_coinbase;\N;0xc0ea08a2d404d3172d2add29a45be56da40e2949;1;5,00E+18;402.241;5,00E+18;402.241;0;0;0;0;0;;0;;;;43;45
2912423;0;bdebcb6063e72ad7a5ca2f3795138956cb53db76d56de0e734d45009c60e3108;1/01/2017 0:03;0;call;0x4bb96091ee9d802ed039c4d1a5f6216f90f81b01;0x56c830805669f366a7b93411588954e1e1b2aab6;1;4,95E+18;398.336;4,95E+18;398.336;4,20E+14;0.0034;21000;39000;20000000000;;1640745;26;dd00e3cf450b153ccd5c731d955ec83100a7ba0900d7f82cdb579fb667ea9986;3fbe3cd1e7d392ea97dc1e4db0c8c3924580199cf8f9612e97cede91ec34c7a8;43;45
2912423;1;d0fed2fd939734417d7cb1f2a843b7dab926067979ffcac4f6986d0fc004fe17;1/01/2017 0:03;0;call;0x00472c1e4275230354dbe5007a5976053f12610a;0xcd111aa492a9c77a367c36e6d6af8e6f212e0c8e;1;0;0;0;0;1,32E+15;0.0106;65864;940000;20000000000;e1fa8e847e7a582796be7326db13c07f2e7c8b2a0c42efeabab0b2f56cdb3511aff0a20f;21302;1c;52793d7a28ae96258b965ae7bcdc30710c7fa6274f95b7f16275e5a752fe5d0c;5c3bfd2e854ee2040a59d9ce92a5e69d65d137ff633ebb9c7a27720247622e65;43;45
2912423;\N;\N;1/01/2017 0:03;0;synthetic_coinbase;\N;0x1e9939daaad6924ad004c2560e90804164900341;1;5,00E+18;402.381;5,00E+18;402.381;0;0;0;0;0;;0;;;;43;45
2912424;\N;\N;1/01/2017 0:03;0;synthetic_coinbase;\N;0x6c7f03ddfdd8a37ca267c88630a4fee958591de0;1;5,00E+18;402.241;5,00E+18;402.241;0;0;0;0;0;;0;;;;43;45
2912425;\N;\N;1/01/2017 0:03;0;synthetic_coinbase;\N;0x4bb96091ee9d802ed039c4d1a5f6216f90f81b01;1;5,00E+18;402.241;5,00E+18;402.241;0;0;0;0;0;;0;;;;43;45
2912426;\N;\N;1/01/2017 0:03;0;synthetic_coinbase;\N;0x2a65aca4d5fc5b5c859090a6c34d164135398226;1;5,00E+18;402.241;5,00E+18;402.241;0;0;0;0;0;;0;;;;43;45
2912427;\N;\N;1/01/2017 0:03;0;synthetic_coinbase;\N;0x1e9939daaad6924ad004c2560e90804164900341;1;5,00E+18;402.241;5,00E+18;402.241;0;0;0;0;0;;0;;;;43;45
2912428;\N;\N;1/01/2017 0:03;0;synthetic_coinbase;\N;0x61c808d82a3ac53231750dadc13c777b59310bd9;1;5,00E+18;402.241;5,00E+18;402.241;0;0;0;0;0;;0;;;;43;45
2912429;\N;\N;1/01/2017 0:04;0;synthetic_coinbase;\N;0xc0ea08a2d404d3172d2add29a45be56da40e2949;1;5,00E+18;402.241;5,00E+18;402.241;0;0;0;0;0;;0;;;;43;45
2912430;0;18558c851d9c63c6c35e65214b1f39ae364845dd6a3c3264c1dbdd8807d0fd0e;1/01/2017 0:04;0;call;0x1e9939daaad6924ad004c2560e90804164900341;0x1e0e47c1ddbcd3512b0835d894e0aafdd127ac04;1;1,00E+18;8.051;1,00E+18;8.051;4,20E+14;0.0034;21000;39000;20000000000;;1283699;25;97b427e398baac28d0afebd67f555486ed9a5cdf1ff319aaac722a9f8dc0c94e;5cab813774ac5e8099ddebfff93f5244f087cac4b04a483b2cd1bba47aaa3ae7;43;45
2912430;1;553c337d12e2b67a15d8128c8edf3046fbab339612a47d53e8af9b1a91f972fd;1/01/2017 0:04;0;call;0x1e9939daaad6924ad004c2560e90804164900341;0x480a04de5ee1d1f91f7ee31bb9b37a5caef92f61;1;1,04E+18;83.669;1,04E+18;83.669;4,59E+14;0.0037;22945;39000;20000000000;;1283700;26;db29b25dbc956956b218ba7a11985f01c10ead0afbd9c3d61e5d41a29be3a6c2;749bfb6c14910473381753b686c7540e5f5e2ebe7cdcbd0d94e6ac43276055f4;43;45
2912430;\N;\N;1/01/2017 0:04;0;synthetic_coinbase;\N;0xea674fdde714fd979de3edf0f56aa9716b898ec8;1;5,00E+18;402.312;5,00E+18;402.312;0;0;0;0;0;;0;;;;43;45
2912431;\N;\N;1/01/2017 0:04;0;synthetic_coinbase;\N;0x61c808d82a3ac53231750dadc13c777b59310bd9;1;5,00E+18;402.241;5,00E+18;402.241;0;0;0;0;0;;0;;;;43;45
2912432;\N;\N;1/01/2017 0:04;0;synthetic_coinbase;\N;0xc0ea08a2d404d3172d2add29a45be56da40e2949;1;5,00E+18;402.241;5,00E+18;402.241;0;0;0;0;0;;0;;;;43;45
2912433;0;d3b5f21762765926e049b962770ab56d0e5aa3e2ced9a4d6d495a27c7209bd84;1/01/2017 0:05;0;call_tree;0xf07149d6720496ad40989c84e603e020073350ce;0xfa52274dd61e1643d2205169732f29114bc240b3;2;4,95E+18;398.301;9,90E+18;796.602;9,60E+14;0.0077;30981;35000;31000000000;f7654176;802;1c;8be555bf10cdc6db10a7635f3cc9c03b92b33a14c9e28f081b0db390a2a0c9c3;783d6c15940461346b550ed2fbeef4be4a43e04db3f74730163998455146e534;43;45
2912433;1;01d0fa7cac38efe3671cb154f51ca5d90d0980a1acaec433a935e118614863ce;1/01/2017 0:05;0;call;0x1915ae911a3b1cc4b1c9645fc5e497ac12cb5f16;0x91337a300e0361bddb2e377dd4e88ccb7796663d;1;1,00E+18;80.534;1,00E+18;80.534;4,20E+14;0.0034;21000;21000;20000000000;;535;25;88d18050c8e2994417006fb4d0a7200b468ff58d28496c911c3fd97f4583e791;71c242314755ca86e01e682fe6831e7b69d77ba5e6311c0492aba58dc265933a;43;45
2912433;2;0f8eee5ecd6829625d9763aa75fdf3ed83070cbb94c432d691ced5ebd3ad7c67;1/01/2017 0:05;0;call_tree;0x5f517b5bdf7df68ca346f3c9a3419bd4f3f1b0c4;0x1c39ba39e4735cb65978d4db400ddd70a72dc750;3;1,39E+19;1.114.256;2,77E+19;2.228.511;6,33E+14;0.0051;31626;128000;20000000000;;0;25;8bc886201cd0fda447f0ce97dc67e3e80e8c956dad48c2a427ea2e60d66d1dfd;2b5e39d9923cd77e9bfde99f760b56be83830b80f97351ca6d30950346b0d52a;43;45
2912433;3;3ad75122af1658b61575faca18e0fcf618e04cf276e2d085ec7bb3408751e8e5;1/01/2017 0:05;0;call;0x00472c1e4275230354dbe5007a5976053f12610a;0xcd111aa492a9c77a367c36e6d6af8e6f212e0c8e;1;0;0;0;0;1,32E+15;0.0106;65864;940000;20000000000;e1fa8e843c949e03e0b08167eec8051bd25d3c5b4477896b1a510736a09be1b88fe3643e;21303;1c;cfa998b718bbd9ce9721bbd01e011a9a96716d2eec0dc89ce4f47432639ca2cf;4dbea75e70b9aaa3f40d330982c75d55d6a8b8adb5b8884cd3f0bd568f344a46;43;45
2912433;4;4c42075674e10644c35a974f7291de47515ed4fd7ce927cc8a6850a65de23e18;1/01/2017 0:05;0;call_tree;0x1b6bb52c9503cc688c1e335499a5ccb7d0f8a76b;0x1c39ba39e4735cb65978d4db400ddd70a72dc750;3;9,97E+17;80.242;1,99E+18;160.485;6,33E+14;0.0051;31626;128000;20000000000;;0;26;cafa242f8b79a66ca79bf4d88ebefb6f167d74add33adce88a4f81780de08fd9;46b846ca2e499b66595e21b82f7315446714e42e89397627f29e36401b7a2ee2;43;45
2912433;5;4dc55046b9d40f846d0d679aae0ca3a7923d15f9c275916b9475b614a948a9e4;1/01/2017 0:05;0;call_tree;0xc60ea6afd83d988a5c06237f91c1425539c1d9f6;0x1c39ba39e4735cb65978d4db400ddd70a72dc750;3;5,13E+14;0.0041;1,03E+15;0.0083;6,33E+14;0.0051;31626;128000;20000000000;;0;26;6bd6596e05466a82a24b28aef37358c3f808aaa52e5d307c8c3877c1dec0df3f;7c9258bfa35dfb52aef99517e03769f9d0cd1f8bdde7db0c595ad00c185efe28;43;45
2912433;6;54d834e096842de0ebe23205f7f0887d90e947bdae1c4285a8e3e9cba2d5ca06;1/01/2017 0:05;0;call;0x1151314c646ce4e0efd76d1af4760ae66a9fe30f;0x2840c752478de151bdc841ca3d0113fed04d6617;1;5,54E+19;4.455.866;5,54E+19;4.455.866;4,20E+14;0.0034;21000;90000;20000000000;;22824;25;e5b8bfbb77e2f59a09476e139b125ae7a3d667c5f8335a86cd33b061304ef8a9;37bb8e4e3ab17a5b2ab2ed7bcfc036cbc1ef95e1c2ee763aeaa3b5edc1339088;43;45
2912433;7;8c6191e25f087d1a69a5e5846ad7ab6b17c4397090e44c5b608723de87d86a4f;1/01/2017 0:05;0;call;0xea674fdde714fd979de3edf0f56aa9716b898ec8;0x04faed36652cbe9a105f1960f58f5251c786ec9b;1;1,00E+18;80.526;1,00E+18;80.526;4,20E+14;0.0034;21000;90000;20000000000;;16921621;25;a0b64c55f073c80319722263d0386605eca077c9b4c475727edda1d027c5adc3;3c1772bfa21fc4ec4df41dc804fc7f1ff1ae08171f2c541388341fd02c7a1528;43;45
2912433;8;a6af08d57a5ceade0ff22522c0082574a0734c367cb4ca8b8fac13dbab35f13d;1/01/2017 0:05;0;call;0x1e9939daaad6924ad004c2560e90804164900341;0x6606b0ae1dd0fe8212001cff4879f4c5f62eff17;1;1,00E+18;80.501;1,00E+18;80.501;4,59E+14;0.0037;22945;39000;20000000000;;1283701;25;c27dfdcdef979a08a2dc17f9265737836f9af473e9321b129285684455cfe50f;4d3616d626c6c81bb1c9a2a458ffde0986740f5961dc31ee39e2e41aa6775baa;43;45
2912433;9;b0a625387eb02894604c562563395a3e5329edd7a2123ef79aed3361e69bb4cb;1/01/2017 0:05;0;call;0xe451a78a823aef61a32020307f64703044babd78;0x91337a300e0361bddb2e377dd4e88ccb7796663d;1;4,95E+17;39.831;4,95E+17;39.831;4,20E+14;0.0034;21000;21000;20000000000;;81;26;0b58f7253a292e9878d84884dba1c027831c7836f23a4c79a26099c8774f2a03;58161514add21ca65a50b1873bb8da0a95c864c44818f6e2cc3e420a56051d73;43;45
2912433;10;c121c37adf89938c4896da7acfa49925c4214394535fcc5f0e8700b602fea57b;1/01/2017 0:05;0;call_tree;0x286ff78b23407f502da3e99606bf2c5033f871b5;0x01afc37f4f85babc47c0e2d0eababc7fb49793c8;2;0;0;0;0;1,27E+15;0.0102;63503;150000;20000000000;2e1a7d4d0000000000000000000000000000000000000000000006bb6e010f9fddb41000;18;26;c4d79b593df72c35ab99744451edcf3e45bbafa9792362a97b7dc35ed7c4737d;0222a829d23f279895feca02e8f5aed0ec24d2b0df56b21903c728cd515eab81;43;45
2912433;11;d2f7f3494e5a2936f05050d64a32a4e8aa9881274bf13515e8bd4a128d12bb41;1/01/2017 0:05;0;call_tree;0x3fff550a1aca4537a6ecdf6248048ea789503306;0x1c39ba39e4735cb65978d4db400ddd70a72dc750;3;3,40E+19;2.735.033;6,80E+19;5.470.067;6,33E+14;0.0051;31626;128000;20000000000;;0;26;49f2334fef8bc46a61a207ed609ed4050cf5e0bbb53f5aefd4c589255bcfd583;3cee975595461e4e772fb861ee134fe109d2c79a92da43c85da784758a864939;43;45
2912433;12;5ea672e5ab27369bf121a8e5b4bbee7663530a0d88b99c88384ed00fb4eb7d8e;1/01/2017 0:05;0;call;0xea674fdde714fd979de3edf0f56aa9716b898ec8;0x815d4acc38b87afe84efba735835d406efec12a1;1;1,95E+17;1.572;1,95E+17;1.572;4,20E+14;0.0034;21000;90000;20000000000;;16921622;26;b8d0cef7c75454f97a40a1fc5adb5eddc2726d48e5622cadca82a8e479c3b766;78dc49fffcbb79e5d5049e6336aa81e73b26e4837c29c007b48daeb3027acc75;43;45
2912433;13;f9bb4e3c885358ef8fee7081514046d9e12cb1ba48f26dd7264c0ac0e1d79ab0;1/01/2017 0:05;0;call;0x1e9939daaad6924ad004c2560e90804164900341;0x70a47fdce83d4832eda1df1a0b2d1cb6ce1c8f88;1;1,01E+18;81.502;1,01E+18;81.502;4,59E+14;0.0037;22945;39000;20000000000;;1283702;26;27681979601938d79899bbdeb777c9695c5c26b72effacb30a832d6f2710ce93;44d0c42349a6f32c8d071b8f0a1b238f51d42f50f690cdf01a642a29e63480d0;43;45
2912433;14;d566c84f2c1152965baca4cf14568f6defedd63085d804d95f73e09be73ed407;1/01/2017 0:05;0;call;0x1e9939daaad6924ad004c2560e90804164900341;0x8768551208c13c74e7cdfe90f0826cffdb8ea534;1;1,02E+18;82.352;1,02E+18;82.352;4,59E+14;0.0037;22945;39000;20000000000;;1283703;25;4ab7530d2d0603404b248aff6f1e0d57fd4552b308e3db07c4e597bcf83760ec;364d42a30989bb49f077e85946fe8c9c5d3e252a650f49f8211d41e697147c15;43;45
2912433;15;fecc8f541fc266d45cd6b26be8347b2a8d7430b3b64435a21baea4970af6af61;1/01/2017 0:05;0;call;0xea674fdde714fd979de3edf0f56aa9716b898ec8;0x8a395edd41175a3ad09dead820d4b207372f7397;1;1,00E+18;80.487;1,00E+18;80.487;4,20E+14;0.0034;21000;90000;20000000000;;16921623;25;3ce9eeef70b55f923b7d1669f317c107fefaf1ebd760127172f16ec1446dabc4;4f006fb62b86353d63c63cf1748046d0b8d9d6984668e5ca0d328c15db3856c2;43;45
2912433;16;66f47fd0518eae4a047a65bb5a1439ce9e20aaede3e4364daee8b6bdedc342be;1/01/2017 0:05;0;call;0xea674fdde714fd979de3edf0f56aa9716b898ec8;0xd4442e52e305fda38d15a75d670c3a335e53d671;1;1,01E+18;8.117;1,01E+18;8.117;4,20E+14;0.0034;21000;90000;20000000000;;16921624;26;ce8de0fee7530cb8b837ff8ecb681dc69dc82070a6ad4ddbb054dd85c6e42a08;128836df625e7a7ebce352c651ba98a5e4304cf29ae4036efb5415ec97b923d1;43;45
2912433;17;b80508ff092ed2a9f5376af1201cf88077eb060e887b5bb1fb50b98b21cc8994;1/01/2017 0:05;0;call;0x1e9939daaad6924ad004c2560e90804164900341;0x8b4c246eb1884cd8b5c72b78115d7282cb0de1d3;1;1,04E+18;83.594;1,04E+18;83.594;4,59E+14;0.0037;22945;39000;20000000000;;1283704;26;71891906c1135975a4bac34666de83cef61b536064abc5e75aff1afb30807244;611ac11f5023fa7d018feec37f8b1598059cd4eb65f358d645b5fb2caf23d547;43;45
2912433;18;180dcd671910eabcc1017d8b8eaf76fc5d4969fcc9fbc396e8a1a34be56fd247;1/01/2017 0:05;0;call;0x1e9939daaad6924ad004c2560e90804164900341;0xa85aa02ac1cfef8602f622db3e3ccdbfbbff37d9;1;2,92E+18;235.111;2,92E+18;235.111;4,20E+14;0.0034;21000;39000;20000000000;;1283705;25;c577a628f559fd91899d57f3d043ae997a67bf2821a26bcd652e6e325e339562;667135b9f4c8d00eb3af7a680da89abe58120cc682fc6737d6662d73e40261bd;43;45
2912433;19;add2a115fe5a407cd1cbf2ddb14a951a15495ff638494d08e21d0f95353d5ade;1/01/2017 0:05;0;call;0x1e9939daaad6924ad004c2560e90804164900341;0xb99a58aeea56e1921b107932e62b48ac8b5a7be8;1;1,29E+18;103.753;1,29E+18;103.753;4,20E+14;0.0034;21000;39000;20000000000;;1283712;26;5c10ca512b6ae40eb1596df9600de3f9bb619d5279c559db98c04808eaad9e37;07d3aaa27074148a426dae965a43d56450d071a8c7fde3a69e6ec3abc2cd8521;43;45
2912433;20;8a8394838205f8df03d6b2bad2476f02afe94d41a9665fc3d6d6978d037e5695;1/01/2017 0:05;0;call;0x1e9939daaad6924ad004c2560e90804164900341;0xbef035a9f29f291cf380e67800895730005d191b;1;1,00E+18;80.515;1,00E+18;80.515;4,59E+14;0.0037;22945;39000;20000000000;;1283713;25;b326f1903ad9f4711b2545f8135c63d2b5f3ce42a999a1e695a0b9a8512d32e9;1ecaa89aeb443008f8936712c834ce07ecb95ac2ab14f53f64d3e0b9642b64ac;43;45
2912433;21;f838a36e4eef86983bc91ea55f8a19992872f1a881993f2ecfa514bbd1ac37ee;1/01/2017 0:05;0;call;0x1e9939daaad6924ad004c2560e90804164900341;0xc9141bf184cc8846f5f88b35e8982edc293591a9;1;7,01E+19;5.642.164;7,01E+19;5.642.164;4,20E+14;0.0034;21000;39000;20000000000;;1283714;25;826e72466d0a23289cf9fc685689caa492a4c95652c9efeb9b11afe5d9ac4970;32b31662e45009ec22af2c59cfc0f6a7005fa6c78939f9537778dce2717cf909;43;45
2912433;\N;\N;1/01/2017 0:05;0;synthetic_coinbase;\N;0x52bc44d5378309ee2abf1539bf71de1b7d7be3b5;1;5,17E+18;415.823;5,17E+18;415.823;0;0;0;0;0;;0;;;;43;45
2912433;\N;\N;1/01/2017 0:05;0;synthetic_coinbase;\N;0x1e9939daaad6924ad004c2560e90804164900341;1;3,13E+18;251.401;3,13E+18;251.401;0;0;0;0;0;;0;;;;43;45
2912434;0;4d1b57bfce821a8e46c23b01265a0e1e184697daf71ad61bf1680e7f6eab87ae;1/01/2017 0:05;0;call;0x1e9939daaad6924ad004c2560e90804164900341;0xfb044baacb0846e848ea790fdeaa693c0a0687de;1;1,01E+18;81.067;1,01E+18;81.067;4,58E+14;0.0037;22900;39000;20000000000;;1283715;25;5e5a854f54981462201e7d28dbade7a326bf02ac1503a44c5441d3f88a8da705;4bea4714031b11d9424db42e06e47c0ca9c90fee5a013e89f3b1451b69f18176;43;45
2912434;1;84256305f36a7aabc06b204fc21c7221b814d6a8bd828920965f1ebc9310af48;1/01/2017 0:05;0;call;0x96fc4553a00c117c5b0bed950dd625d1c16dc894;0x4865d268f58a89adc5e8e73857059a3b62ddf242;1;2,83E+17;22.802;2,83E+17;22.802;4,20E+14;0.0034;21000;21000;20000000000;;70994;1c;f4c9bbaaadbc1243e3de4f73bc72aeb35c6e2966a833ac8efbcf9d03c68b929b;1d81a17165d664eea0436e147608f93642ada39ca5f01930b84431e6899c3936;43;45
2912434;\N;\N;1/01/2017 0:05;0;synthetic_coinbase;\N;0xea674fdde714fd979de3edf0f56aa9716b898ec8;1;5,00E+18;402.312;5,00E+18;402.312;0;0;0;0;0;;0;;;;43;45
2912435;0;358321c06fc980d99e8d3773e20315668133490a79a3c6d0fa16df678b2fdbed;1/01/2017 0:05;0;call;0x4bb96091ee9d802ed039c4d1a5f6216f90f81b01;0x8c48c2382a28d730e4de56963907761c6244aa96;1;4,96E+18;398.887;4,96E+18;398.887;4,20E+14;0.0034;21000;39000;20000000000;;1640752;26;c1ca049b9640defbcdb3a9483f346254c0a8016ecbf7ee25f800bfe981c158c0;7ee60b0ed2104ea5eb8b6e03c79fb1ab5d31149b98818fea7ad980e07e92de0c;43;45
2912435;\N;\N;1/01/2017 0:05;0;synthetic_coinbase;\N;0x1e9939daaad6924ad004c2560e90804164900341;1;5,00E+18;402.275;5,00E+18;402.275;0;0;0;0;0;;0;;;;43;45
2912436;0;3a9983354d8b56e91d0db4ac1ee1b33f915fad5bc355b22a1cd339716de07668;1/01/2017 0:05;0;call;0x00472c1e4275230354dbe5007a5976053f12610a;0xcd111aa492a9c77a367c36e6d6af8e6f212e0c8e;1;0;0;0;0;1,32E+15;0.0106;65864;940000;20000000000;e1fa8e84e4b1197af73494ad9adf09147af0b2544dedb787e1a810cc9ebd503e38c5bf35;21304;1b;d904de51c70f5d451309db76cca563ce6ce064387ad0b6727bfd0f490f0e2c1f;2281f67d9b88ad13b126b5627588607a4449b4043eeddd8dc8922349b965e6c7;43;45
2912436;1;4f2765404da3954c83a68e3f71735f6ff8711dbd2d2135ac5b901d1e7e33e5d1;1/01/2017 0:05;0;call;0x1e9939daaad6924ad004c2560e90804164900341;0xfdb125041b29cdb579032e85da25c38fc74e624d;1;1,00E+18;80.497;1,00E+18;80.497;4,59E+14;0.0037;22945;39000;20000000000;;1283716;25;ca61efa7fee6960c639075b42dbccccdd99c41f80f266f9ddf8dc6eacc6e2e79;1604a98599f94b9ffb6d676ceb4fc15e7815d18b5a7dfae4e45e669007799b3c;43;45
2912436;\N;\N;1/01/2017 0:05;0;synthetic_coinbase;\N;0x2a65aca4d5fc5b5c859090a6c34d164135398226;1;5,00E+18;402.384;5,00E+18;402.384;0;0;0;0;0;;0;;;;43;45
2912437;0;277a870f696d73fe3e3f10ea7c5f6660451bedf403914996129c94c92b110d8c;1/01/2017 0:06;0;call;0x4865d268f58a89adc5e8e73857059a3b62ddf242;0x7ed1e469fcb3ee19c0366d829e291451be638e59;1;2,83E+17;22.735;2,83E+17;22.735;8,40E+14;0.0068;21000;21000;40000000000;;1;26;dc44e040c17534ddce11ac6f6167b76c4112fc12664d607990ac3b9ee98094c9;18424e339222a23b1f6c339bf71bb23f723d92a67cac089366827bc3bcacedc9;43;45
2912437;1;b491d863f6df9c60614b510e69ed04cc325b2b2ae62f94668cb4bcd2190917b1;1/01/2017 0:06;0;call;0x5dc9319e66614282da8782d19ad7758776aa751c;0x7987f8052e092fa0fa4ed96609b3bd9725ba310b;1;9,42E+16;0.7581;9,42E+16;0.7581;4,20E+14;0.0034;21000;21000;20000000000;;0;26;9eff8a30111baffda8494cfbf9a1d89c5acb59a5922e91840cf4e79c9b051559;24ca75083e0e2d217e80f4b00a9841b0c7044204d1e99a1998ea331c8d3b276e;43;45
2912437;2;f19d6de42885504412b94d8acc2e5c8e1b0435b9e42cb400ad9f450437ff6117;1/01/2017 0:06;0;call;0x056a29c28fec0ef7478c3812a5538a5e6e95c995;0x7987f8052e092fa0fa4ed96609b3bd9725ba310b;1;9,60E+14;0.0077;9,60E+14;0.0077;4,20E+14;0.0034;21000;21000;20000000000;;3;26;f357a045e9081d9ed8f0375ece7c7a2a0987ba4ea379a605a411a053276662ed;60fbe32c8b2d4dfc4faf6a7b356067421f601e15276ff9a6d19b10d031bae1a9;43;45
2912437;\N;\N;1/01/2017 0:06;0;synthetic_coinbase;\N;0xea674fdde714fd979de3edf0f56aa9716b898ec8;1;5,00E+18;402.376;5,00E+18;402.376;0;0;0;0;0;;0;;;;43;45
2912438;\N;\N;1/01/2017 0:06;0;synthetic_coinbase;\N;0x61c808d82a3ac53231750dadc13c777b59310bd9;1;5,00E+18;402.241;5,00E+18;402.241;0;0;0;0;0;;0;;;;43;45
2912439;\N;\N;1/01/2017 0:06;0;synthetic_coinbase;\N;0x61c808d82a3ac53231750dadc13c777b59310bd9;1;5,00E+18;402.241;5,00E+18;402.241;0;0;0;0;0;;0;;;;43;45
2912440;0;11f98a5566cd02d89911c94e5041d2396ac94815f9c285e3df7eb4f9395a5750;1/01/2017 0:06;0;call;0xcf62dfc079c5d594c257c8fcc0bc2334d17595e1;0xedbaf3c5100302dcdda53269322f3730b1f0416d;1;0;0;0;0;8,56E+14;0.0069;42776;90000;20000000000;a9059cbb00000000000000000000000052977e4aa5b3706248ddc621c487effe9128cc1d000000000000000000000000000000000000000000000000000000000000019a;12625;25;8909a2c5fa94e0c4b8760922469895a1f30952ac91439a8f13e24bafcab4e911;4b2422143c1e3705882a00a9a55cfb4797e88820a7d550c4f075f8cf5ba13eac;43;45
2912440;1;28a36ded183e54e47921ae95e321a9f724b9039821155a71a443ac8f76c196ae;1/01/2017 0:06;0;call_tree;0x04faed36652cbe9a105f1960f58f5251c786ec9b;0x209c4784ab1e8183cf58ca33cb740efbf3fc18ef;2;1,00E+18;80.477;2,00E+18;160.954;6,08E+14;0.0049;30416;40000;20000000000;;343;25;e8d7d5346507b0cd4b19656cd2d44b988aa2210a2905278a7d44e40557c9dfb3;3b0c212c35870312bb10da9b031f62391f8ff542729f6147474695fec9f52fec;43;45
2912440;2;3b0f7c40842cb5c150d32f02a5e66aee61e399cb002143a3387b62ff963df8de;1/01/2017 0:06;0;call_tree;0x5efd382478b2fb82fd9e5d55f4170e34112cd354;0x209c4784ab1e8183cf58ca33cb740efbf3fc18ef;2;1,00E+18;80.494;2,00E+18;160.988;6,08E+14;0.0049;30416;40000;20000000000;;4674;26;ac57f2e0ee55a905afb5db425107e2a569c846084793685e875b080d7ea5bb4e;7abe1e31840b34eba1ac0bae788fa848a694257c7827764289f6d621eef670ca;43;45
2912440;3;55d6dc628498d63c9bde5a7d853be4484e33de249f97b52208e9cfff1c55fef6;1/01/2017 0:06;0;call;0x00472c1e4275230354dbe5007a5976053f12610a;0xcd111aa492a9c77a367c36e6d6af8e6f212e0c8e;1;0;0;0;0;1,32E+15;0.0106;65864;940000;20000000000;e1fa8e8455c98f57f6696d62165d36c72c66f65fe0577187d2e0303df7fd30353c288f45;21305;1c;fbbb6e179d3187f5c2d7abc5094e8a9e2f627a71baecfcfecb760a6de4d500df;396fd534d512ea7f25857e275726ffb7e8d9c3bd7e051c0afe29032344c6f5be;43;45
2912440;4;bcf3b54efe21f664f9052e01c6aec84e1c1f83ead8acd979cededb9f1e1cfe2b;1/01/2017 0:06;0;call;0x1e9939daaad6924ad004c2560e90804164900341;0x4fbf15af8d55fc3ad82f071bed757c6a5da23674;1;1,03E+18;82.868;1,03E+18;82.868;4,20E+14;0.0034;21000;39000;20000000000;;1283717;26;01597e11eccb54529d515247dabf3a7aa5c902225791987bf6b1cf0fa3a86ee5;264e178c3b43c00a90238de19569e2872e657b6e4aeb5727f713af520cf1ca7c;43;45
2912440;5;b3500527429e975a5f25f5226232e70a53e4c28eca0023798570ba2668c172f8;1/01/2017 0:06;0;call;0xcf62dfc079c5d594c257c8fcc0bc2334d17595e1;0xedbaf3c5100302dcdda53269322f3730b1f0416d;1;0;0;0;0;8,54E+14;0.0069;42712;90000;20000000000;a9059cbb00000000000000000000000010428ffa007a84869f570017d5da2558c2a845c100000000000000000000000000000000000000000000000000000000000750ef;12626;26;b8a7921dbe5a768bdd043eb611841174b08b96b288409f1627622e8e3621ec38;0aec4eb7980ecfffa8f2a343b828019f78a1ab4fcfa18fdaea970b4f316b660e;43;45
2912440;6;8524147410a198a7146b2872970c755ca73780a587043577ebee7d32fd400ab8;1/01/2017 0:06;0;call;0xcf62dfc079c5d594c257c8fcc0bc2334d17595e1;0xedbaf3c5100302dcdda53269322f3730b1f0416d;1;0;0;0;0;8,57E+14;0.0069;42840;90000;20000000000;a9059cbb000000000000000000000000e896f15bc3c6711810cad3b303ff7d84ab58b268000000000000000000000000000000000000000000000000000000000007d6a2;12627;26;dad247fdf308b5ace2b39f1efb73a5f122f130931843b31da2b6c359b308c74b;7855c8c55f91ede10c523d62d717f7a5b1b56b86b71f4396f146cf27017744fe;43;45
2912440;7;8cd8578c9ec062852cb7324b7001ba06503c7f89258441b838a31b9586d4d0f9;1/01/2017 0:06;0;call;0xcf62dfc079c5d594c257c8fcc0bc2334d17595e1;0xedbaf3c5100302dcdda53269322f3730b1f0416d;1;0;0;0;0;8,56E+14;0.0069;42776;90000;20000000000;a9059cbb0000000000000000000000007771093f831507bdfea779c274c74c38695c245b00000000000000000000000000000000000000000000000000000000000002a6;12628;25;a84c536a01d4815043c20c8469c2eae57e8309a2d8dfe26c9fbe511f551e04bc;57ef9bb4c0d6b0ef7428073eadacb10149a721e05347d900d2e49ec23386774a;43;45
2912440;8;6c6fe80faab82eaab2edf99d87e7d96bc05fe6262438469ac8dbe93d9a40cc90;1/01/2017 0:06;0;call;0xcf62dfc079c5d594c257c8fcc0bc2334d17595e1;0xedbaf3c5100302dcdda53269322f3730b1f0416d;1;0;0;0;0;8,56E+14;0.0069;42776;90000;20000000000;a9059cbb00000000000000000000000052977e4aa5b3706248ddc621c487effe9128cc1d0000000000000000000000000000000000000000000000000000000000000335;12629;25;accd1004d95b296ed47b52534fe9fc6f31dca925d8adb0e48195369f7d8e0ee1;20b0135458909c30a01e18d218606a8667915f50a2c60f10677665b9a25d4631;43;45
2912440;9;b6f165e601bd23e053b2190097c9079c484456727f4811e8ba799db737ff099b;1/01/2017 0:06;0;call;0xcf62dfc079c5d594c257c8fcc0bc2334d17595e1;0xedbaf3c5100302dcdda53269322f3730b1f0416d;1;0;0;0;0;8,56E+14;0.0069;42776;90000;20000000000;a9059cbb000000000000000000000000264b534f252245a60a4f81b2efc7bddc62bcf98b000000000000000000000000000000000000000000000000000000000000019a;12630;26;f0fdef2e1fe1b6655a5ee5e9cb94c97b9a58361063f802340d3c17f15da2befc;541314e978067a256952d21f2dff158ddaf6549e0de332baf7e58b92c1861234;43;45
2912440;10;ab0f440d2f01306da83eb678acede83a4ff661045518807b1ec15c45a6570376;1/01/2017 0:06;0;call;0xcf62dfc079c5d594c257c8fcc0bc2334d17595e1;0xedbaf3c5100302dcdda53269322f3730b1f0416d;1;0;0;0;0;8,56E+14;0.0069;42776;90000;20000000000;a9059cbb0000000000000000000000004598327865b5e21a303d33e24e2d5a8070ad8d7b0000000000000000000000000000000000000000000000000000000000000ab3;12631;25;c587c5821e6750c9536fe1cafe957421635753e99aba6903f3f42e42f6e04660;1f0ef5f779169d4375bbf2810c4abf484c67551cf606ce1e9cb8f85faea57ecf;43;45
2912440;11;efece4713a5d4e9317f683e5dda241badb306fe854b3b9f1aa427c8966bda8e7;1/01/2017 0:06;0;call;0xcf62dfc079c5d594c257c8fcc0bc2334d17595e1;0xedbaf3c5100302dcdda53269322f3730b1f0416d;1;0;0;0;0;8,56E+14;0.0069;42776;90000;20000000000;a9059cbb000000000000000000000000d24de382739d9ab11a3bf8d38910015f3e39939d0000000000000000000000000000000000000000000000000000000000000111;12632;26;7e801cd6c3c4f89af4a310eafa394fe7fe9a94af9d9964478123b88a7866a78c;3e0de3e646a2efc2fba91317c59b1d3e08f35f653175360abada458dc1e8b66b;43;45
2912440;12;5e3c0547593cf401fa2f6614d4d4b5967b4eb9a9cbc47768a1d72e14accc1e21;1/01/2017 0:06;0;call;0xcf62dfc079c5d594c257c8fcc0bc2334d17595e1;0xedbaf3c5100302dcdda53269322f3730b1f0416d;1;0;0;0;0;4,73E+14;0.0038;23645;90000;20000000000;a9059cbb00000000000000000000000079c59dd5ac52bc317cd0552b97f05b67baf986840000000000000000000000000000000000000000000000000000000000000000;12633;26;5b1c7023e19f9a6b60f9d38141cfa3119104043728fd5f99884970983a4d1cc3;02850bc62e2e33b284655dd04e791ce6fb215bb1e20e8a438efaa7e42e33176b;43;45
2912440;13;f9335b3773205aa9c44bc0f7b4e750aded2d45dd804e1714415fee0ce4ebb4b4;1/01/2017 0:06;0;call;0xcf62dfc079c5d594c257c8fcc0bc2334d17595e1;0xedbaf3c5100302dcdda53269322f3730b1f0416d;1;0;0;0;0;8,56E+14;0.0069;42776;90000;20000000000;a9059cbb00000000000000000000000079c59dd5ac52bc317cd0552b97f05b67baf986840000000000000000000000000000000000000000000000000000000000000c50;12640;25;8ed81c26ea872dc7f9463d8ddfbce067f9905da15a0cc4768b0ace2af57f4efc;1fa6c567d1aae4437de219d3445ce0cecf119dc5f38fcc189492a6425c51bd4d;43;45
2912440;14;dfaf080cd1ad6db6090cf85fe11dfceabd5d1746cdf9fdf040112d4157525df3;1/01/2017 0:06;0;call;0xcf62dfc079c5d594c257c8fcc0bc2334d17595e1;0xedbaf3c5100302dcdda53269322f3730b1f0416d;1;0;0;0;0;8,56E+14;0.0069;42776;90000;20000000000;a9059cbb000000000000000000000000288203fec3db603fecf06ac84ef936ed1e9da1450000000000000000000000000000000000000000000000000000000000001344;12641;25;8bc22aaf5c989846d344d96740705a858b308367fd241bc84371a85bbda4fc46;5e7fff7adbac04f31bfd0138e4eb0f51bc14f0ef31480f01c87899ed0e717b30;43;45
2912440;15;28bac0d2dd08054c5e1bd4544453484285a4b034001eb08271b069915a14aca4;1/01/2017 0:06;0;call;0xcf62dfc079c5d594c257c8fcc0bc2334d17595e1;0xedbaf3c5100302dcdda53269322f3730b1f0416d;1;0;0;0;0;8,56E+14;0.0069;42776;90000;20000000000;a9059cbb00000000000000000000000053a92a29de0c1effd5b3a1cbc0ef9f57fdcdd0fc0000000000000000000000000000000000000000000000000000000000001af9;12642;25;c424fe4bbfc6418c85a43cfaf5dc3d7ef331d51b9ad84a368b95408cd3d83a92;2da57c97ed42f974ad975e586a87f6e251c61e95c74bfb7d9530bbf1048494f5;43;45
2912440;16;470cc45d1ea2eb59b195ae3e3d3ee8ca30f85104ce6ebc93429e108055b3ff9b;1/01/2017 0:06;0;call;0xcf62dfc079c5d594c257c8fcc0bc2334d17595e1;0xedbaf3c5100302dcdda53269322f3730b1f0416d;1;0;0;0;0;8,54E+14;0.0069;42712;90000;20000000000;a9059cbb00000000000000000000000010428ffa007a84869f570017d5da2558c2a845c1000000000000000000000000000000000000000000000000000000000006455f;12643;26;ed9ae316bc3dd8142f0c589ede368064727d38133407dd10b31988bdf40ca6dd;78e4dd5b03a1aea61ad1dde20719ef17e7be264f0ac311afbe86dfc09a5dbfac;43;45
2912440;17;d44b099482c846dbea350b625831736cebfb1dde28205541e71991967ab8ac6e;1/01/2017 0:06;0;call;0xcf62dfc079c5d594c257c8fcc0bc2334d17595e1;0xedbaf3c5100302dcdda53269322f3730b1f0416d;1;0;0;0;0;8,56E+14;0.0069;42776;90000;20000000000;a9059cbb00000000000000000000000098ae55bc9878647fa6deca60e3fe88b6f0f9eb240000000000000000000000000000000000000000000000000000000000000223;12644;25;fe6c3245e4b5993e7c5760d43a9455ca8d030fac486c89489e913a9f024163f4;91cccfc19feb67dcfb292c17c9f4662e0479c3ed05a06630ac2c36fa81a20b;43;45
2912440;18;4efb7880edcd8c06bbc74a6280cae92fc821f72764e3e92f276574421be5ef65;1/01/2017 0:06;0;call;0xcf62dfc079c5d594c257c8fcc0bc2334d17595e1;0xedbaf3c5100302dcdda53269322f3730b1f0416d;1;0;0;0;0;8,56E+14;0.0069;42776;90000;20000000000;a9059cbb000000000000000000000000a7f7104ad4a28194529eb944f8bc4785701b9f0e000000000000000000000000000000000000000000000000000000000000a087;12645;25;4ff624ee8dc65d6e09ebabd9cb5f539fc0f3c442800478da087aa41047908245;26c2dde3fe171d6be2c2da891cab3908580a1a6917a4dca4b5dc948949d4f9c8;43;45
2912440;19;7b832d078104d1b801e14325a874d60c6642e64f5e11ee4b45a56ccc14e4a117;1/01/2017 0:06;0;call;0xcf62dfc079c5d594c257c8fcc0bc2334d17595e1;0xedbaf3c5100302dcdda53269322f3730b1f0416d;1;0;0;0;0;8,54E+14;0.0069;42712;90000;20000000000;a9059cbb00000000000000000000000052977e4aa5b3706248ddc621c487effe9128cc1d00000000000000000000000000000000000000000000000000000000000000cd;12646;26;da197113dcde4f15d06cb57866948b4365b5e4c5458fbbfc4982325bed6e0d5b;3b7f0bed3d70bca6dda77d4f1ee918853ec0ccfea5ac2e34bab41e0cf4e12986;43;45
2912440;20;b458084cc1e2a7e576ff86bff6b51e46583ac4e4c67436037d29378167d41dc8;1/01/2017 0:06;0;call;0xcf62dfc079c5d594c257c8fcc0bc2334d17595e1;0xedbaf3c5100302dcdda53269322f3730b1f0416d;1;0;0;0;0;8,56E+14;0.0069;42776;90000;20000000000;a9059cbb0000000000000000000000001603b74ed3dca03537c8acfec60c278b0263a62000000000000000000000000000000000000000000000000000000000000001ed;12647;26;9df36724679865fde8b394be3eb7f05262b6e43503a675b5b20b5f1bf58a3339;75745c203b51c1b0cd70123956a6d4cdbe8fa2e59572a57fc0c9abcf6258e524;43;45
2912440;21;8fba2d26d4119ed0e9f4eb282d1c57e9f87f936ab653184deb76a327c16ec25c;1/01/2017 0:06;0;call;0xcf62dfc079c5d594c257c8fcc0bc2334d17595e1;0xedbaf3c5100302dcdda53269322f3730b1f0416d;1;0;0;0;0;8,56E+14;0.0069;42776;90000;20000000000;a9059cbb000000000000000000000000a661c290ff84507b54d85d7a7578326d2e58680a000000000000000000000000000000000000000000000000000000000000ec16;12648;26;21ffcc9702a11cfeec32872b0aa786ed2be04f5d1481c5dff341c2723d1a523a;78f2bf146c03e873080e0371f116752d9fb9c0645fca0921d9bef1dc59328807;43;45
2912440;22;3e6b8d7cdab22c29daee83786a0d0a18c629fc83b47439621fcc17c3c3507970;1/01/2017 0:06;0;call;0xcf62dfc079c5d594c257c8fcc0bc2334d17595e1;0xedbaf3c5100302dcdda53269322f3730b1f0416d;1;0;0;0;0;8,56E+14;0.0069;42776;90000;20000000000;a9059cbb0000000000000000000000008b88dffb138d64884ae7c5f783419e9dbbcf2fe80000000000000000000000000000000000000000000000000000000000001344;12649;26;8a24beef4416f0805d587bc5b4e57df66093f5ac31613425f6720615693ce458;6947d51b86c7fb80287503f1e2545bf1766ea0ca1077e47bf5ca7afc187ca648;43;45
2912440;\N;\N;1/01/2017 0:06;0;synthetic_coinbase;\N;0x4bb96091ee9d802ed039c4d1a5f6216f90f81b01;1;5,02E+18;403.755;5,02E+18;403.755;0;0;0;0;0;;0;;;;43;45
